2.8355,"1,16,16,4096,1,1,0,0,0",1.23663,2.29293,45.8099,0.90572
2.37022,"1,16,16,4096,16,1,0,0,0",0.991933,2.3895,47.5793,0.903867
2.43475,"1,16,16,4096,16,16,0,0,0",0.922045,2.6406,52.1327,0.899114
2.18969,"1,16,16,4096,16,2,0,0,0",0.910049,2.40612,47.8829,0.903549
2.16186,"1,16,16,4096,16,4,0,0,0",0.886218,2.43942,48.49,0.902914
2.24776,"1,16,16,4096,16,8,0,0,0",0.896875,2.50621,49.7042,0.901646
2.49296,"1,16,16,4096,2,1,0,0,0",1.0842,2.29935,45.9278,0.905597
2.49611,"1,16,16,4096,2,2,0,0,0",1.07782,2.31588,46.2314,0.905278
1.79769e+308,"1,16,16,4096,32,1,0,0,0",1.79769e+308,2.49313,49.4667,0.901894
1.79769e+308,"1,16,16,4096,32,16,0,0,0",1.79769e+308,2.74579,54.0201,0.897151
2.31433,"1,16,16,4096,32,2,0,0,0",0.922096,2.50985,49.7703,0.901577
2.91526,"1,16,16,4096,32,32,0,0,0",0.965503,3.01942,58.877,0.89212
2.30679,"1,16,16,4096,32,4,0,0,0",0.906985,2.54336,50.3774,0.900943
2.38976,"1,16,16,4096,32,8,0,0,0",0.915417,2.61057,51.5916,0.899677
2.36139,"1,16,16,4096,4,1,0,0,0",1.02127,2.3122,46.1638,0.905349
2.25683,"1,16,16,4096,4,2,0,0,0",0.96912,2.32874,46.4673,0.905031
2.30582,"1,16,16,4096,4,4,0,0,0",0.976261,2.36189,47.0744,0.904395
1.79769e+308,"1,16,16,4096,64,1,0,0,0",1.79769e+308,2.70232,53.2416,0.89796
1.79769e+308,"1,16,16,4096,64,16,0,0,0",1.79769e+308,2.95809,57.7949,0.893239
2.79163,"1,16,16,4096,64,2,0,0,0",1.02662,2.71925,53.5451,0.897645
3.34568,"1,16,16,4096,64,32,0,0,0",1.0342,3.23504,62.6518,0.88823
2.80285,"1,16,16,4096,64,4,0,0,0",1.01804,2.75317,54.1523,0.897014
1.79769e+308,"1,16,16,4096,64,64,0,0,0",1.79769e+308,3.8018,72.3657,0.878295
2.87505,"1,16,16,4096,64,8,0,0,0",1.01908,2.82121,55.3665,0.895754
2.33229,"1,16,16,4096,8,1,0,0,0",0.997591,2.33792,46.6356,0.904855
2.18406,"1,16,16,4096,8,2,0,0,0",0.927611,2.3545,46.9392,0.904537
2.16974,"1,16,16,4096,8,4,0,0,0",0.908718,2.38769,47.5463,0.903901
2.26144,"1,16,16,4096,8,8,0,0,0",0.921429,2.45428,48.7605,0.902631
2.82884,"1,32,16,4096,1,1,0,0,0",1.21542,2.32746,46.4174,0.904525
2.34422,"1,32,16,4096,16,1,0,0,0",0.966976,2.42428,48.1868,0.902673
2.32021,"1,32,16,4096,16,16,0,0,0",0.867034,2.67604,52.7402,0.897927
2.159,"1,32,16,4096,16,2,0,0,0",0.884492,2.44095,48.4904,0.902356
2.11185,"1,32,16,4096,16,4,0,0,0",0.853503,2.47433,49.0975,0.901722
2.17223,"1,32,16,4096,16,8,0,0,0",0.85477,2.5413,50.3117,0.900455
2.4764,"1,32,16,4096,2,1,0,0,0",1.06106,2.33389,46.5353,0.904401
2.47685,"1,32,16,4096,2,2,0,0,0",1.05377,2.35047,46.8389,0.904083
1.79769e+308,"1,32,16,4096,32,1,0,0,0",1.79769e+308,2.52818,50.0742,0.900703
1.79769e+308,"1,32,16,4096,32,16,0,0,0",1.79769e+308,2.7815,54.6276,0.895967
2.21479,"1,32,16,4096,32,2,0,0,0",0.870269,2.54495,50.3778,0.900386
2.61943,"1,32,16,4096,32,32,0,0,0",0.85719,3.05584,59.4845,0.890942
2.15394,"1,32,16,4096,32,4,0,0,0",0.83533,2.57854,50.9849,0.899754
2.19851,"1,32,16,4096,32,8,0,0,0",0.830902,2.64593,52.1991,0.898489
2.34383,"1,32,16,4096,4,1,0,0,0",0.998745,2.34678,46.7713,0.904154
2.23421,"1,32,16,4096,4,2,0,0,0",0.945349,2.36337,47.0748,0.903836
2.27858,"1,32,16,4096,4,4,0,0,0",0.950756,2.39659,47.6819,0.903201
1.79769e+308,"1,32,16,4096,64,1,0,0,0",1.79769e+308,2.73792,53.8491,0.896775
1.79769e+308,"1,32,16,4096,64,16,0,0,0",1.79769e+308,2.99435,58.4024,0.892059
2.44962,"1,32,16,4096,64,2,0,0,0",0.889189,2.7549,54.1526,0.89646
2.92102,"1,32,16,4096,64,32,0,0,0",0.892731,3.27201,63.2593,0.887057
2.43545,"1,32,16,4096,64,4,0,0,0",0.873264,2.7889,54.7598,0.89583
1.79769e+308,"1,32,16,4096,64,64,0,0,0",1.79769e+308,3.84018,72.9732,0.877136
2.49518,"1,32,16,4096,64,8,0,0,0",0.87332,2.85712,55.974,0.894571
2.3135,"1,32,16,4096,8,1,0,0,0",0.975101,2.37257,47.2431,0.90366
2.16107,"1,32,16,4096,8,2,0,0,0",0.904521,2.38919,47.5467,0.903343
2.14123,"1,32,16,4096,8,4,0,0,0",0.883907,2.42247,48.1538,0.902708
2.22364,"1,32,16,4096,8,8,0,0,0",0.893307,2.48923,49.368,0.90144
2.90591,"1,64,16,4096,1,1,0,0,0",1.21239,2.39684,47.6324,0.902138
2.40159,"1,64,16,4096,16,1,0,0,0",0.96288,2.49417,49.4018,0.900291
2.35724,"1,64,16,4096,16,16,0,0,0",0.858039,2.74724,53.9552,0.895557
2.20958,"1,64,16,4096,16,2,0,0,0",0.879987,2.51092,49.7054,0.899975
2.15802,"1,64,16,4096,16,4,0,0,0",0.848118,2.54448,50.3125,0.899342
2.20978,"1,64,16,4096,16,8,0,0,0",0.846074,2.6118,51.5267,0.898079
2.54019,"1,64,16,4096,2,1,0,0,0",1.05695,2.40331,47.7503,0.902014
2.5388,"1,64,16,4096,2,2,0,0,0",1.0491,2.41997,48.0539,0.901697
1.79769e+308,"1,64,16,4096,32,1,0,0,0",1.79769e+308,2.59862,51.2892,0.898326
1.79769e+308,"1,64,16,4096,32,16,0,0,0",1.79769e+308,2.85325,55.8426,0.893602
2.26172,"1,64,16,4096,32,2,0,0,0",0.864746,2.61547,51.5928,0.89801
2.59807,"1,64,16,4096,32,32,0,0,0",0.83032,3.129,60.6995,0.888591
2.18757,"1,64,16,4096,32,4,0,0,0",0.825736,2.64924,52.1999,0.897379
2.21663,"1,64,16,4096,32,8,0,0,0",0.815844,2.71698,53.4141,0.896118
2.4036,"1,64,16,4096,4,1,0,0,0",0.994759,2.41626,47.9863,0.901768
2.29012,"1,64,16,4096,4,2,0,0,0",0.941299,2.43294,48.2898,0.901451
2.33315,"1,64,16,4096,4,4,0,0,0",0.945995,2.46634,48.8969,0.900818
1.79769e+308,"1,64,16,4096,64,1,0,0,0",1.79769e+308,2.80944,55.0641,0.894408
1.79769e+308,"1,64,16,4096,64,16,0,0,0",1.79769e+308,3.06719,59.6174,0.889705
2.43132,"1,64,16,4096,64,2,0,0,0",0.860185,2.82651,55.3676,0.894094
2.74911,"1,64,16,4096,64,32,0,0,0",0.821545,3.34627,64.4743,0.884716
2.34957,"1,64,16,4096,64,4,0,0,0",0.82133,2.86069,55.9748,0.893466
1.79769e+308,"1,64,16,4096,64,64,0,0,0",1.79769e+308,3.9173,74.1882,0.874821
2.37411,"1,64,16,4096,64,8,0,0,0",0.810482,2.92926,57.189,0.89221
2.37226,"1,64,16,4096,8,1,0,0,0",0.971367,2.44219,48.4581,0.901275
2.21358,"1,64,16,4096,8,2,0,0,0",0.900235,2.45889,48.7617,0.900959
2.18887,"1,64,16,4096,8,4,0,0,0",0.878236,2.49235,49.3688,0.900326
2.26684,"1,64,16,4096,8,8,0,0,0",0.885671,2.55946,50.583,0.899061
2.92203,"1,8,16,4096,1,1,0,0,0",1.28401,2.27571,45.5061,0.906319
2.49157,"1,8,16,4096,16,1,0,0,0",1.05034,2.37215,47.2756,0.904464
2.80637,"1,8,16,4096,16,16,0,0,0",1.06994,2.62292,51.8289,0.899708
2.3618,"1,8,16,4096,16,2,0,0,0",0.988717,2.38875,47.5791,0.904146
2.39447,"1,8,16,4096,16,4,0,0,0",0.988633,2.422,48.1863,0.903511
2.54211,"1,8,16,4096,16,8,0,0,0",1.02146,2.48871,49.4005,0.902241
2.59398,"1,8,16,4096,2,1,0,0,0",1.13666,2.28212,45.6241,0.906195
2.60487,"1,8,16,4096,2,2,0,0,0",1.13323,2.29863,45.9277,0.905877
1.79769e+308,"1,8,16,4096,32,1,0,0,0",1.79769e+308,2.47564,49.163,0.90249
1.79769e+308,"1,8,16,4096,32,16,0,0,0",1.79769e+308,2.72797,53.7164,0.897744
2.70598,"1,8,16,4096,32,2,0,0,0",1.08572,2.49235,49.4666,0.902172
3.41857,"1,8,16,4096,32,32,0,0,0",1.13905,3.00126,58.5733,0.89271
2.73041,"1,8,16,4096,32,4,0,0,0",1.08101,2.52581,50.0737,0.901538
2.81763,"1,8,16,4096,32,8,0,0,0",1.08666,2.59293,51.2879,0.900272
2.45934,"1,8,16,4096,4,1,0,0,0",1.07163,2.29495,45.86,0.905948
2.36096,"1,8,16,4096,4,2,0,0,0",1.02141,2.31147,46.1636,0.905629
2.41897,"1,8,16,4096,4,4,0,0,0",1.03173,2.34457,46.7707,0.904993
1.79769e+308,"1,8,16,4096,64,1,0,0,0",1.79769e+308,2.68456,52.9378,0.898554
1.79769e+308,"1,8,16,4096,64,16,0,0,0",1.79769e+308,2.94,57.4912,0.893829
3.1661,"1,8,16,4096,64,2,0,0,0",1.17199,2.70147,53.2414,0.898238
3.7886,"1,8,16,4096,64,32,0,0,0",1.17783,3.2166,62.3481,0.888816
3.20004,"1,8,16,4096,64,4,0,0,0",1.16988,2.73535,53.8485,0.897607
1.79769e+308,"1,8,16,4096,64,64,0,0,0",1.79769e+308,3.78264,72.0619,0.878876
3.2776,"1,8,16,4096,64,8,0,0,0",1.16919,2.8033,55.0627,0.896346
2.44379,"1,8,16,4096,8,1,0,0,0",1.05307,2.32064,46.3319,0.905453
2.30959,"1,8,16,4096,8,2,0,0,0",0.98819,2.33719,46.6354,0.905135
2.32497,"1,8,16,4096,8,4,0,0,0",0.980859,2.37034,47.2425,0.904499
2.46269,"1,8,16,4096,8,8,0,0,0",1.01061,2.43684,48.4568,0.903228
1.79769e+308,"10,16,16,4096,1,1,0,0,0",1.79769e+308,3.23911,62.0988,0.878969
1.79769e+308,"10,16,16,4096,16,1,0,0,0",1.79769e+308,4.29425,79.7933,0.861144
1.79769e+308,"10,16,16,4096,16,16,0,0,0",1.79769e+308,7.27941,125.327,0.81692
1.79769e+308,"10,16,16,4096,16,2,0,0,0",1.79769e+308,4.48108,82.8289,0.858123
1.79769e+308,"10,16,16,4096,16,4,0,0,0",1.79769e+308,4.85988,88.9,0.852112
1.79769e+308,"10,16,16,4096,16,8,0,0,0",1.79769e+308,5.63823,101.042,0.840216
1.79769e+308,"10,16,16,4096,2,1,0,0,0",1.79769e+308,3.30767,63.2784,0.877769
1.79769e+308,"10,16,16,4096,2,2,0,0,0",1.79769e+308,3.48524,66.314,0.87469
1.79769e+308,"10,16,16,4096,32,1,0,0,0",1.79769e+308,5.48381,98.6675,0.842529
1.79769e+308,"10,16,16,4096,32,16,0,0,0",1.79769e+308,8.63477,144.201,0.799261
1.79769e+308,"10,16,16,4096,32,2,0,0,0",1.79769e+308,5.68139,101.703,0.839573
1.79769e+308,"10,16,16,4096,32,32,0,0,0",1.79769e+308,12.4593,192.77,0.755554
1.79769e+308,"10,16,16,4096,32,4,0,0,0",1.79769e+308,6.0818,107.774,0.833692
1.79769e+308,"10,16,16,4096,32,8,0,0,0",1.79769e+308,6.90388,119.916,0.822053
1.79769e+308,"10,16,16,4096,4,1,0,0,0",1.79769e+308,3.44553,65.6377,0.875375
1.79769e+308,"10,16,16,4096,4,2,0,0,0",1.79769e+308,3.62443,68.6733,0.872303
1.79769e+308,"10,16,16,4096,4,4,0,0,0",1.79769e+308,3.9873,74.7444,0.866193
1.79769e+308,"10,16,16,4096,64,1,0,0,0",1.79769e+308,8.0671,136.416,0.806498
1.79769e+308,"10,16,16,4096,64,16,0,0,0",1.79769e+308,11.5639,181.949,0.76508
1.79769e+308,"10,16,16,4096,64,2,0,0,0",1.79769e+308,8.287,139.451,0.803669
1.79769e+308,"10,16,16,4096,64,32,0,0,0",1.79769e+308,15.7871,230.518,0.723243
1.79769e+308,"10,16,16,4096,64,4,0,0,0",1.79769e+308,8.73234,145.523,0.798039
1.79769e+308,"10,16,16,4096,64,64,0,0,0",1.79769e+308,25.944,327.657,0.646306
1.79769e+308,"10,16,16,4096,64,8,0,0,0",1.79769e+308,9.64552,157.665,0.786898
1.79769e+308,"10,16,16,4096,8,1,0,0,0",1.79769e+308,3.72434,70.3562,0.870605
1.79769e+308,"10,16,16,4096,8,2,0,0,0",1.79769e+308,3.90586,73.3918,0.867551
1.79769e+308,"10,16,16,4096,8,4,0,0,0",1.79769e+308,4.27402,79.463,0.861474
1.79769e+308,"10,16,16,4096,8,8,0,0,0",1.79769e+308,5.03089,91.6052,0.849447
1.79769e+308,"10,32,16,4096,1,1,0,0,0",1.79769e+308,3.61715,68.1738,0.867432
1.79769e+308,"10,32,16,4096,16,1,0,0,0",1.79769e+308,4.6988,85.8683,0.849841
1.79769e+308,"10,32,16,4096,16,16,0,0,0",1.79769e+308,7.75569,131.402,0.806198
1.79769e+308,"10,32,16,4096,16,2,0,0,0",1.79769e+308,4.89024,88.9039,0.84686
1.79769e+308,"10,32,16,4096,16,4,0,0,0",1.79769e+308,5.27834,94.975,0.840928
1.79769e+308,"10,32,16,4096,16,8,0,0,0",1.79769e+308,6.07556,107.117,0.829188
1.79769e+308,"10,32,16,4096,2,1,0,0,0",1.79769e+308,3.68745,69.3534,0.866248
1.79769e+308,"10,32,16,4096,2,2,0,0,0",1.79769e+308,3.86954,72.389,0.863209
1.79769e+308,"10,32,16,4096,32,1,0,0,0",1.79769e+308,5.91742,104.742,0.831471
1.79769e+308,"10,32,16,4096,32,16,0,0,0",1.79769e+308,9.14255,150.276,0.78877
1.79769e+308,"10,32,16,4096,32,2,0,0,0",1.79769e+308,6.11975,107.778,0.828554
1.79769e+308,"10,32,16,4096,32,32,0,0,0",1.79769e+308,13.0536,198.845,0.745638
1.79769e+308,"10,32,16,4096,32,4,0,0,0",1.79769e+308,6.52976,113.849,0.82275
1.79769e+308,"10,32,16,4096,32,8,0,0,0",1.79769e+308,7.37134,125.991,0.811264
1.79769e+308,"10,32,16,4096,4,1,0,0,0",1.79769e+308,3.82883,71.7127,0.863885
1.79769e+308,"10,32,16,4096,4,2,0,0,0",1.79769e+308,4.01224,74.7483,0.860854
1.79769e+308,"10,32,16,4096,4,4,0,0,0",1.79769e+308,4.38422,80.8194,0.854824
1.79769e+308,"10,32,16,4096,64,1,0,0,0",1.79769e+308,8.56176,142.491,0.795913
1.79769e+308,"10,32,16,4096,64,16,0,0,0",1.79769e+308,12.1382,188.024,0.755038
1.79769e+308,"10,32,16,4096,64,2,0,0,0",1.79769e+308,8.78675,145.526,0.79312
1.79769e+308,"10,32,16,4096,64,32,0,0,0",1.79769e+308,16.4547,236.593,0.71375
1.79769e+308,"10,32,16,4096,64,4,0,0,0",1.79769e+308,9.24237,151.598,0.787564
1.79769e+308,"10,32,16,4096,64,64,0,0,0",1.79769e+308,26.8274,333.732,0.637823
1.79769e+308,"10,32,16,4096,64,8,0,0,0",1.79769e+308,10.1765,163.74,0.77657
1.79769e+308,"10,32,16,4096,8,1,0,0,0",1.79769e+308,4.11467,76.4312,0.859178
1.79769e+308,"10,32,16,4096,8,2,0,0,0",1.79769e+308,4.30075,79.4668,0.856164
1.79769e+308,"10,32,16,4096,8,4,0,0,0",1.79769e+308,4.67807,85.538,0.850167
1.79769e+308,"10,32,16,4096,8,8,0,0,0",1.79769e+308,5.45352,97.6802,0.838298
1.79769e+308,"10,64,16,4096,1,1,0,0,0",1.79769e+308,4.40772,80.3238,0.844811
1.79769e+308,"10,64,16,4096,16,1,0,0,0",1.79769e+308,5.54359,98.0183,0.827679
1.79769e+308,"10,64,16,4096,16,16,0,0,0",1.79769e+308,8.74761,143.552,0.785173
1.79769e+308,"10,64,16,4096,16,2,0,0,0",1.79769e+308,5.74448,101.054,0.824775
1.79769e+308,"10,64,16,4096,16,4,0,0,0",1.79769e+308,6.15162,107.125,0.818998
1.79769e+308,"10,64,16,4096,16,8,0,0,0",1.79769e+308,6.98753,119.267,0.807564
1.79769e+308,"10,64,16,4096,2,1,0,0,0",1.79769e+308,4.48159,81.5034,0.843658
1.79769e+308,"10,64,16,4096,2,2,0,0,0",1.79769e+308,4.6729,84.539,0.840698
1.79769e+308,"10,64,16,4096,32,1,0,0,0",1.79769e+308,6.82175,116.892,0.809788
1.79769e+308,"10,64,16,4096,32,16,0,0,0",1.79769e+308,10.1992,162.426,0.768201
1.79769e+308,"10,64,16,4096,32,2,0,0,0",1.79769e+308,7.03385,119.928,0.806946
1.79769e+308,"10,64,16,4096,32,32,0,0,0",1.79769e+308,14.2881,210.995,0.726193
1.79769e+308,"10,64,16,4096,32,4,0,0,0",1.79769e+308,7.46354,125.999,0.801294
1.79769e+308,"10,64,16,4096,32,8,0,0,0",1.79769e+308,8.34513,138.141,0.790107
1.79769e+308,"10,64,16,4096,4,1,0,0,0",1.79769e+308,4.63012,83.8627,0.841356
1.79769e+308,"10,64,16,4096,4,2,0,0,0",1.79769e+308,4.82279,86.8983,0.838405
1.79769e+308,"10,64,16,4096,4,4,0,0,0",1.79769e+308,5.21338,92.9694,0.832532
1.79769e+308,"10,64,16,4096,64,1,0,0,0",1.79769e+308,9.59141,154.641,0.775157
1.79769e+308,"10,64,16,4096,64,16,0,0,0",1.79769e+308,13.3316,200.174,0.735348
1.79769e+308,"10,64,16,4096,64,2,0,0,0",1.79769e+308,9.82687,157.676,0.772437
1.79769e+308,"10,64,16,4096,64,32,0,0,0",1.79769e+308,17.8396,248.743,0.695137
1.79769e+308,"10,64,16,4096,64,4,0,0,0",1.79769e+308,10.3036,163.748,0.767026
1.79769e+308,"10,64,16,4096,64,64,0,0,0",1.79769e+308,28.6562,345.882,0.62119
1.79769e+308,"10,64,16,4096,64,8,0,0,0",1.79769e+308,11.2807,175.89,0.756318
1.79769e+308,"10,64,16,4096,8,1,0,0,0",1.79769e+308,4.93036,88.5812,0.836772
1.79769e+308,"10,64,16,4096,8,2,0,0,0",1.79769e+308,5.12575,91.6168,0.833837
1.79769e+308,"10,64,16,4096,8,4,0,0,0",1.79769e+308,5.52183,97.688,0.827996
1.79769e+308,"10,64,16,4096,8,8,0,0,0",1.79769e+308,6.33534,109.83,0.816436
1.79769e+308,"10,8,16,4096,1,1,0,0,0",1.79769e+308,3.05432,59.0613,0.884795
1.79769e+308,"10,8,16,4096,16,1,0,0,0",1.79769e+308,4.09635,76.7558,0.866852
1.79769e+308,"10,8,16,4096,16,16,0,0,0",1.79769e+308,7.04607,122.289,0.822334
1.79769e+308,"10,8,16,4096,16,2,0,0,0",1.79769e+308,4.28089,79.7914,0.86381
1.79769e+308,"10,8,16,4096,16,4,0,0,0",1.79769e+308,4.6551,85.8625,0.85776
1.79769e+308,"10,8,16,4096,16,8,0,0,0",1.79769e+308,5.42413,98.0048,0.845785
1.79769e+308,"10,8,16,4096,2,1,0,0,0",1.79769e+308,3.12201,60.2409,0.883587
1.79769e+308,"10,8,16,4096,2,2,0,0,0",1.79769e+308,3.29735,63.2765,0.880487
1.79769e+308,"10,8,16,4096,32,1,0,0,0",1.79769e+308,5.27154,95.63,0.848114
1.79769e+308,"10,8,16,4096,32,16,0,0,0",1.79769e+308,8.38589,141.164,0.804558
1.79769e+308,"10,8,16,4096,32,2,0,0,0",1.79769e+308,5.46677,98.6656,0.845138
1.79769e+308,"10,8,16,4096,32,32,0,0,0",1.79769e+308,12.1677,189.733,0.760562
1.79769e+308,"10,8,16,4096,32,4,0,0,0",1.79769e+308,5.86245,104.737,0.839218
1.79769e+308,"10,8,16,4096,32,8,0,0,0",1.79769e+308,6.6749,116.879,0.827502
1.79769e+308,"10,8,16,4096,4,1,0,0,0",1.79769e+308,3.25814,62.6002,0.881177
1.79769e+308,"10,8,16,4096,4,2,0,0,0",1.79769e+308,3.43479,65.6358,0.878085
1.79769e+308,"10,8,16,4096,4,4,0,0,0",1.79769e+308,3.79316,71.7069,0.871934
1.79769e+308,"10,8,16,4096,64,1,0,0,0",1.79769e+308,7.8247,133.378,0.811844
1.79769e+308,"10,8,16,4096,64,16,0,0,0",1.79769e+308,11.2822,178.912,0.770151
1.79769e+308,"10,8,16,4096,64,2,0,0,0",1.79769e+308,8.04208,136.414,0.808995
1.79769e+308,"10,8,16,4096,64,32,0,0,0",1.79769e+308,15.4595,227.481,0.728036
1.79769e+308,"10,8,16,4096,64,4,0,0,0",1.79769e+308,8.48235,142.485,0.803328
1.79769e+308,"10,8,16,4096,64,64,0,0,0",1.79769e+308,25.5099,324.619,0.65059
1.79769e+308,"10,8,16,4096,64,8,0,0,0",1.79769e+308,9.38521,154.627,0.792113
1.79769e+308,"10,8,16,4096,8,1,0,0,0",1.79769e+308,3.53346,67.3187,0.876376
1.79769e+308,"10,8,16,4096,8,2,0,0,0",1.79769e+308,3.71274,70.3543,0.873301
1.79769e+308,"10,8,16,4096,8,4,0,0,0",1.79769e+308,4.07636,76.4255,0.867184
1.79769e+308,"10,8,16,4096,8,8,0,0,0",1.79769e+308,4.82404,88.5677,0.855077
2.87506,"12,16,16,4096,1,1,0,0,0",0.831228,3.45881,65.7186,0.873132
3.8296,"12,16,16,4096,16,1,0,0,0",0.806349,4.74931,86.952,0.851928
6.81841,"12,16,16,4096,16,16,0,0,0",0.805571,8.46408,141.592,0.7997
3.98722,"12,16,16,4096,16,2,0,0,0",0.800786,4.97913,90.5947,0.848342
4.35124,"12,16,16,4096,16,4,0,0,0",0.798938,5.44628,97.88,0.841216
5.13199,"12,16,16,4096,16,8,0,0,0",0.800513,6.41088,112.451,0.827144
2.88006,"12,16,16,4096,2,1,0,0,0",0.813059,3.54225,67.1341,0.871702
3.05761,"12,16,16,4096,2,2,0,0,0",0.813483,3.75866,70.7768,0.868034
1.79769e+308,"12,16,16,4096,32,1,0,0,0",1.79769e+308,6.21902,109.601,0.829877
1.79769e+308,"12,16,16,4096,32,16,0,0,0",1.79769e+308,10.1779,164.241,0.779001
5.33424,"12,16,16,4096,32,2,0,0,0",0.825154,6.46454,113.244,0.826385
12.6099,"12,16,16,4096,32,32,0,0,0",0.835509,15.0925,222.524,0.728167
5.76768,"12,16,16,4096,32,4,0,0,0",0.828297,6.9633,120.529,0.819443
6.64112,"12,16,16,4096,32,8,0,0,0",0.830964,7.99207,135.1,0.805734
2.99449,"12,16,16,4096,4,1,0,0,0",0.807089,3.71024,69.9652,0.86885
3.14754,"12,16,16,4096,4,2,0,0,0",0.801197,3.92855,73.6079,0.865193
3.50742,"12,16,16,4096,4,4,0,0,0",0.802145,4.37255,80.8933,0.857925
1.79769e+308,"12,16,16,4096,64,1,0,0,0",1.79769e+308,9.4582,154.899,0.787473
1.79769e+308,"12,16,16,4096,64,16,0,0,0",1.79769e+308,13.9322,209.539,0.739197
8.74246,"12,16,16,4096,64,2,0,0,0",0.89789,9.73667,158.542,0.784159
17.3957,"12,16,16,4096,64,32,0,0,0",0.894294,19.4519,267.822,0.69096
9.25383,"12,16,16,4096,64,4,0,0,0",0.898266,10.3019,165.827,0.777572
1.79769e+308,"12,16,16,4096,64,64,0,0,0",1.79769e+308,33.1498,384.388,0.603723
10.2896,"12,16,16,4096,64,8,0,0,0",0.897405,11.4659,180.398,0.764564
3.26267,"12,16,16,4096,8,1,0,0,0",0.80547,4.05064,75.6275,0.863172
3.41524,"12,16,16,4096,8,2,0,0,0",0.799302,4.27277,79.2702,0.859539
3.76328,"12,16,16,4096,8,4,0,0,0",0.796555,4.72444,86.5555,0.852319
4.51331,"12,16,16,4096,8,8,0,0,0",0.797732,5.65767,101.126,0.838061
3.17692,"12,32,16,4096,1,1,0,0,0",0.810145,3.92143,73.0086,0.859398
4.11473,"12,32,16,4096,16,1,0,0,0",0.783679,5.25054,94.242,0.838528
7.04576,"12,32,16,4096,16,16,0,0,0",0.776715,9.07123,148.882,0.787121
4.26684,"12,32,16,4096,16,2,0,0,0",0.77761,5.48711,97.8847,0.834998
4.62527,"12,32,16,4096,16,4,0,0,0",0.775026,5.96789,105.17,0.827984
5.39285,"12,32,16,4096,16,8,0,0,0",0.774808,6.96024,119.741,0.814133
3.17148,"12,32,16,4096,2,1,0,0,0",0.791406,4.0074,74.4241,0.857991
3.3489,"12,32,16,4096,2,2,0,0,0",0.791633,4.23037,78.0668,0.85438
1.79769e+308,"12,32,16,4096,32,1,0,0,0",1.79769e+308,6.7629,116.891,0.816824
1.79769e+308,"12,32,16,4096,32,16,0,0,0",1.79769e+308,10.8322,171.531,0.766748
5.4612,"12,32,16,4096,32,2,0,0,0",0.778454,7.01544,120.534,0.813386
12.4034,"12,32,16,4096,32,32,0,0,0",0.78116,15.8782,229.814,0.716713
5.84355,"12,32,16,4096,32,4,0,0,0",0.776203,7.52837,127.819,0.806553
6.66821,"12,32,16,4096,32,8,0,0,0",0.776631,8.58607,142.39,0.79306
3.28396,"12,32,16,4096,4,1,0,0,0",0.785546,4.18048,77.2552,0.855183
3.43382,"12,32,16,4096,4,2,0,0,0",0.779462,4.40537,80.8979,0.851584
3.79382,"12,32,16,4096,4,4,0,0,0",0.780199,4.86263,88.1833,0.844431
1.79769e+308,"12,32,16,4096,64,1,0,0,0",1.79769e+308,10.0928,162.189,0.775087
1.79769e+308,"12,32,16,4096,64,16,0,0,0",1.79769e+308,14.6873,216.829,0.72757
8.33847,"12,32,16,4096,64,2,0,0,0",0.803405,10.3789,165.832,0.771825
16.5425,"12,32,16,4096,64,32,0,0,0",0.812862,20.3509,275.112,0.680091
8.84635,"12,32,16,4096,64,4,0,0,0",0.80718,10.9596,173.117,0.765341
1.79769e+308,"12,32,16,4096,64,64,0,0,0",1.79769e+308,34.3919,391.678,0.594227
9.84914,"12,32,16,4096,64,8,0,0,0",0.810286,12.1551,187.688,0.752538
3.55095,"12,32,16,4096,8,1,0,0,0",0.783678,4.53113,82.9175,0.849595
3.70021,"12,32,16,4096,8,2,0,0,0",0.777372,4.75989,86.5602,0.846019
4.04604,"12,32,16,4096,8,4,0,0,0",0.77437,5.22494,93.8455,0.838913
4.79424,"12,32,16,4096,8,8,0,0,0",0.77509,6.1854,108.416,0.824878
3.95333,"12,64,16,4096,1,1,0,0,0",0.807296,4.89701,87.5886,0.832575
4.91943,"12,64,16,4096,16,1,0,0,0",0.780177,6.30554,108.822,0.812356
7.9849,"12,64,16,4096,16,16,0,0,0",0.771879,10.3447,163.462,0.762554
5.07358,"12,64,16,4096,16,2,0,0,0",0.77388,6.55602,112.465,0.808936
5.44772,"12,64,16,4096,16,4,0,0,0",0.771099,7.06487,119.75,0.802142
6.24947,"12,64,16,4096,16,8,0,0,0",0.770162,8.11449,134.321,0.788722
3.93219,"12,64,16,4096,2,1,0,0,0",0.788299,4.9882,89.0041,0.831211
4.11838,"12,64,16,4096,2,2,0,0,0",0.788263,5.22463,92.6468,0.827713
1.79769e+308,"12,64,16,4096,32,1,0,0,0",1.79769e+308,7.90582,131.471,0.791329
1.79769e+308,"12,64,16,4096,32,16,0,0,0",1.79769e+308,12.2032,186.111,0.742816
6.32144,"12,64,16,4096,32,2,0,0,0",0.773469,8.17284,135.114,0.787999
13.5183,"12,64,16,4096,32,32,0,0,0",0.771552,17.5209,244.394,0.694343
6.71576,"12,64,16,4096,32,4,0,0,0",0.770596,8.71503,142.399,0.781379
7.56932,"12,64,16,4096,32,8,0,0,0",0.769831,9.83244,156.97,0.768308
4.04637,"12,64,16,4096,4,1,0,0,0",0.782401,5.17173,91.8352,0.828491
4.19978,"12,64,16,4096,4,2,0,0,0",0.776278,5.41015,95.4779,0.825004
4.58032,"12,64,16,4096,4,4,0,0,0",0.777024,5.8947,102.763,0.818074
1.79769e+308,"12,64,16,4096,64,1,0,0,0",1.79769e+308,11.423,176.769,0.750895
1.79769e+308,"12,64,16,4096,64,16,0,0,0",1.79769e+308,16.2667,231.409,0.704861
9.08967,"12,64,16,4096,64,2,0,0,0",0.775242,11.7249,180.412,0.747734
17.2494,"12,64,16,4096,64,32,0,0,0",0.776034,22.2276,289.692,0.658864
9.5379,"12,64,16,4096,64,4,0,0,0",0.773082,12.3375,187.697,0.741454
1.79769e+308,"12,64,16,4096,64,64,0,0,0",1.79769e+308,36.9778,406.258,0.57568
10.5144,"12,64,16,4096,64,8,0,0,0",0.773212,13.5983,202.268,0.72905
4.32703,"12,64,16,4096,8,1,0,0,0",0.780569,5.54344,97.4975,0.823077
4.47798,"12,64,16,4096,8,2,0,0,0",0.773953,5.78585,101.14,0.819613
4.83901,"12,64,16,4096,8,4,0,0,0",0.770735,6.27844,108.426,0.812729
5.62542,"12,64,16,4096,8,8,0,0,0",0.771132,7.29501,122.996,0.799132
2.84008,"12,8,16,4096,1,1,0,0,0",0.878289,3.23365,62.0736,0.880081
3.93646,"12,8,16,4096,16,1,0,0,0",0.87378,4.50509,83.307,0.858708
7.22823,"12,8,16,4096,16,16,0,0,0",0.884977,8.16771,137.947,0.806065
4.13504,"12,8,16,4096,16,2,0,0,0",0.873922,4.73159,86.9497,0.855094
4.55406,"12,8,16,4096,16,4,0,0,0",0.877126,5.19203,94.235,0.847912
5.409,"12,8,16,4096,16,8,0,0,0",0.880523,6.14294,108.806,0.833727
2.85515,"12,8,16,4096,2,1,0,0,0",0.861064,3.31584,63.4891,0.87864
3.04138,"12,8,16,4096,2,2,0,0,0",0.861823,3.52901,67.1318,0.874942
1.79769e+308,"12,8,16,4096,32,1,0,0,0",1.79769e+308,5.95378,105.956,0.836482
1.79769e+308,"12,8,16,4096,32,16,0,0,0",1.79769e+308,9.85833,160.596,0.785201
5.84923,"12,8,16,4096,32,2,0,0,0",0.944057,6.19585,109.599,0.832962
13.8666,"12,8,16,4096,32,32,0,0,0",0.942776,14.7083,218.879,0.733962
6.31359,"12,8,16,4096,32,4,0,0,0",0.94407,6.68763,116.884,0.825965
7.26274,"12,8,16,4096,32,8,0,0,0",0.942949,7.70216,131.455,0.812147
2.97645,"12,8,16,4096,4,1,0,0,0",0.85498,3.48131,66.3202,0.875765
3.13961,"12,8,16,4096,4,2,0,0,0",0.849376,3.69637,69.9629,0.872079
3.51686,"12,8,16,4096,4,4,0,0,0",0.850752,4.13382,77.2483,0.864753
1.79769e+308,"12,8,16,4096,64,1,0,0,0",1.79769e+308,9.14831,151.254,0.793741
1.79769e+308,"12,8,16,4096,64,16,0,0,0",1.79769e+308,13.563,205.894,0.74508
9.39779,"12,8,16,4096,64,2,0,0,0",0.997322,9.42303,154.897,0.7904
18.8417,"12,8,16,4096,64,32,0,0,0",0.991041,19.012,264.177,0.696459
9.97623,"12,8,16,4096,64,4,0,0,0",0.999558,9.98065,162.182,0.783761
1.79769e+308,"12,8,16,4096,64,64,0,0,0",1.79769e+308,32.5411,380.743,0.608528
11.0976,"12,8,16,4096,64,8,0,0,0",0.997165,11.1291,176.753,0.770649
3.26573,"12,8,16,4096,8,1,0,0,0",0.855652,3.81666,71.9825,0.870042
3.42856,"12,8,16,4096,8,2,0,0,0",0.849596,4.03552,75.6252,0.86638
3.80161,"12,8,16,4096,8,4,0,0,0",0.848462,4.48059,82.9105,0.859103
4.60606,"12,8,16,4096,8,8,0,0,0",0.852912,5.4004,97.4813,0.844731
3.14033,"16,16,16,4096,1,1,0,0,0",0.803422,3.90869,72.9581,0.861575
4.53989,"16,16,16,4096,16,1,0,0,0",0.797155,5.69511,101.269,0.83379
8.81185,"16,16,16,4096,16,16,0,0,0",0.800103,11.0134,174.123,0.766342
4.78618,"16,16,16,4096,16,2,0,0,0",0.795462,6.01686,106.126,0.829115
5.30875,"16,16,16,4096,16,4,0,0,0",0.795436,6.67401,115.84,0.819842
6.41209,"16,16,16,4096,16,8,0,0,0",0.797144,8.04383,135.268,0.801606
3.20756,"16,16,16,4096,2,1,0,0,0",0.797284,4.02311,74.8455,0.859694
3.44061,"16,16,16,4096,2,2,0,0,0",0.796328,4.3206,79.7024,0.854873
1.79769e+308,"16,16,16,4096,32,1,0,0,0",1.79769e+308,7.77002,131.468,0.80514
1.79769e+308,"16,16,16,4096,32,16,0,0,0",1.79769e+308,13.5435,204.322,0.740009
6.68009,"16,16,16,4096,32,2,0,0,0",0.822618,8.12053,136.325,0.800625
17.5203,"16,16,16,4096,32,32,0,0,0",0.833209,21.0275,282.032,0.676333
7.3049,"16,16,16,4096,32,4,0,0,0",0.826737,8.83582,146.039,0.791671
8.57284,"16,16,16,4096,32,8,0,0,0",0.830336,10.3245,165.466,0.774062
3.38721,"16,16,16,4096,4,1,0,0,0",0.796253,4.25394,78.6203,0.855945
3.61356,"16,16,16,4096,4,2,0,0,0",0.793343,4.55485,83.4772,0.851145
4.09837,"16,16,16,4096,4,4,0,0,0",0.792728,5.16996,93.1911,0.841626
1.79769e+308,"16,16,16,4096,64,1,0,0,0",1.79769e+308,12.4756,191.865,0.75076
1.79769e+308,"16,16,16,4096,64,16,0,0,0",1.79769e+308,19.2321,264.719,0.690028
11.5385,"16,16,16,4096,64,2,0,0,0",0.8953,12.8879,196.722,0.74655
24.9226,"16,16,16,4096,64,32,0,0,0",0.89281,27.9148,342.43,0.630652
12.3146,"16,16,16,4096,64,4,0,0,0",0.897023,13.7283,206.436,0.7382
1.79769e+308,"16,16,16,4096,64,64,0,0,0",1.79769e+308,50.7954,497.851,0.526789
13.8745,"16,16,16,4096,64,8,0,0,0",0.896664,15.4735,225.864,0.72178
3.76031,"16,16,16,4096,8,1,0,0,0",0.796071,4.72358,86.17,0.848496
3.99194,"16,16,16,4096,8,2,0,0,0",0.793409,5.03138,91.0269,0.843737
4.48384,"16,16,16,4096,8,4,0,0,0",0.792147,5.66037,100.741,0.834301
5.52839,"16,16,16,4096,8,8,0,0,0",0.792857,6.97274,120.168,0.815743
3.55952,"16,32,16,4096,1,1,0,0,0",0.78235,4.54979,82.6781,0.843553
4.96379,"16,32,16,4096,16,1,0,0,0",0.774796,6.40658,110.989,0.816349
9.21605,"16,32,16,4096,16,16,0,0,0",0.772947,11.9233,183.843,0.750312
5.2062,"16,32,16,4096,16,2,0,0,0",0.772349,6.74074,115.846,0.811772
5.72678,"16,32,16,4096,16,4,0,0,0",0.771489,7.42303,125.56,0.802693
6.827,"16,32,16,4096,16,8,0,0,0",0.771892,8.8445,144.988,0.784838
3.62181,"16,32,16,4096,2,1,0,0,0",0.775748,4.6688,84.5655,0.841712
3.85763,"16,32,16,4096,2,2,0,0,0",0.77491,4.97817,89.4224,0.836991
1.79769e+308,"16,32,16,4096,32,1,0,0,0",1.79769e+308,8.56044,141.188,0.788299
1.79769e+308,"16,32,16,4096,32,16,0,0,0",1.79769e+308,14.5442,214.042,0.72453
6.91245,"16,32,16,4096,32,2,0,0,0",0.774586,8.92406,146.045,0.783878
17.3424,"16,32,16,4096,32,32,0,0,0",0.778088,22.2885,291.752,0.662186
7.48319,"16,32,16,4096,32,4,0,0,0",0.774181,9.66594,155.759,0.775111
8.68986,"16,32,16,4096,32,8,0,0,0",0.775232,11.2094,175.186,0.75787
3.80242,"16,32,16,4096,4,1,0,0,0",0.774605,4.90886,88.3403,0.838041
4.02879,"16,32,16,4096,4,2,0,0,0",0.771545,5.22172,93.1972,0.833341
4.51794,"16,32,16,4096,4,4,0,0,0",0.770846,5.86102,102.911,0.824021
1.79769e+308,"16,32,16,4096,64,1,0,0,0",1.79769e+308,13.4382,201.585,0.735055
1.79769e+308,"16,32,16,4096,64,16,0,0,0",1.79769e+308,20.4316,274.439,0.675594
11.1077,"16,32,16,4096,64,2,0,0,0",0.801122,13.8652,206.442,0.730933
23.8902,"16,32,16,4096,64,32,0,0,0",0.812367,29.4081,352.15,0.617461
11.8652,"16,32,16,4096,64,4,0,0,0",0.80521,14.7355,216.156,0.722759
1.79769e+308,"16,32,16,4096,64,64,0,0,0",1.79769e+308,53.0308,507.571,0.51577
13.3931,"16,32,16,4096,64,8,0,0,0",0.809625,16.5423,235.584,0.706682
4.17899,"16,32,16,4096,8,1,0,0,0",0.774301,5.39712,95.89,0.830747
4.41163,"16,32,16,4096,8,2,0,0,0",0.771667,5.71701,100.747,0.826088
4.9074,"16,32,16,4096,8,4,0,0,0",0.770332,6.3705,110.461,0.816849
5.9586,"16,32,16,4096,8,8,0,0,0",0.770531,7.73311,129.888,0.79868
4.61791,"16,64,16,4096,1,1,0,0,0",0.77951,5.92412,102.118,0.808632
6.11559,"16,64,16,4096,16,1,0,0,0",0.771458,7.92731,130.429,0.782554
10.6445,"16,64,16,4096,16,16,0,0,0",0.768104,13.8581,203.283,0.719251
6.37193,"16,64,16,4096,16,2,0,0,0",0.768876,8.28733,135.286,0.778166
6.92699,"16,64,16,4096,16,4,0,0,0",0.767785,9.02204,145,0.769463
8.09703,"16,64,16,4096,16,8,0,0,0",0.767398,10.5513,164.428,0.752348
4.67714,"16,64,16,4096,2,1,0,0,0",0.772739,6.05267,104.005,0.806867
4.93037,"16,64,16,4096,2,2,0,0,0",0.771971,6.38674,108.862,0.802342
1.79769e+308,"16,64,16,4096,32,1,0,0,0",1.79769e+308,10.2458,160.628,0.755665
1.79769e+308,"16,64,16,4096,32,16,0,0,0",1.79769e+308,16.6688,233.482,0.694536
8.18661,"16,64,16,4096,32,2,0,0,0",0.769648,10.6368,165.485,0.751427
19.2014,"16,64,16,4096,32,32,0,0,0",0.769367,24.9574,311.192,0.634773
8.79152,"16,64,16,4096,32,4,0,0,0",0.768878,11.4342,175.199,0.743023
10.0646,"16,64,16,4096,32,8,0,0,0",0.768762,13.0919,194.626,0.726496
4.87035,"16,64,16,4096,4,1,0,0,0",0.771613,6.31191,107.78,0.803348
5.11055,"16,64,16,4096,4,2,0,0,0",0.768548,6.64962,112.637,0.798843
5.63563,"16,64,16,4096,4,4,0,0,0",0.767877,7.33923,122.351,0.789908
1.79769e+308,"16,64,16,4096,64,1,0,0,0",1.79769e+308,15.4831,221.025,0.704626
1.79769e+308,"16,64,16,4096,64,16,0,0,0",1.79769e+308,22.9718,293.879,0.647626
12.3263,"16,64,16,4096,64,2,0,0,0",0.773249,15.941,225.882,0.700674
25.2141,"16,64,16,4096,64,32,0,0,0",0.774337,32.5623,371.59,0.591899
13.0387,"16,64,16,4096,64,4,0,0,0",0.772719,16.8738,235.596,0.692838
1.79769e+308,"16,64,16,4096,64,64,0,0,0",1.79769e+308,57.7352,527.011,0.494418
14.5415,"16,64,16,4096,64,8,0,0,0",0.773097,18.8094,255.024,0.677427
5.27373,"16,64,16,4096,8,1,0,0,0",0.77114,6.83888,115.33,0.796356
5.51853,"16,64,16,4096,8,2,0,0,0",0.768176,7.18394,120.187,0.79189
6.04835,"16,64,16,4096,8,4,0,0,0",0.766737,7.88843,129.901,0.783034
7.17291,"16,64,16,4096,8,8,0,0,0",0.766682,9.35579,149.328,0.765616
3.06132,"16,8,16,4096,1,1,0,0,0",0.850535,3.59928,68.0981,0.87073
4.64668,"16,8,16,4096,16,1,0,0,0",0.868348,5.35117,96.4093,0.84265
9.31713,"16,8,16,4096,16,16,0,0,0",0.881276,10.5723,169.263,0.774485
4.93464,"16,8,16,4096,16,2,0,0,0",0.870793,5.66683,101.266,0.837925
5.52261,"16,8,16,4096,16,4,0,0,0",0.874984,6.31166,110.98,0.828553
6.72536,"16,8,16,4096,16,8,0,0,0",0.87842,7.65619,130.408,0.810124
3.13702,"16,8,16,4096,2,1,0,0,0",0.845229,3.71144,69.9855,0.868829
3.38025,"16,8,16,4096,2,2,0,0,0",0.84441,4.00309,74.8424,0.863957
1.79769e+308,"16,8,16,4096,32,1,0,0,0",1.79769e+308,7.3874,126.608,0.813696
1.79769e+308,"16,8,16,4096,32,16,0,0,0",1.79769e+308,13.0581,199.462,0.747873
7.28284,"16,8,16,4096,32,2,0,0,0",0.941971,7.73149,131.465,0.809133
19.2056,"16,8,16,4096,32,32,0,0,0",0.940777,20.4146,277.172,0.68352
7.94655,"16,8,16,4096,32,4,0,0,0",0.942231,8.43376,141.179,0.800083
9.31975,"16,8,16,4096,32,8,0,0,0",0.941796,9.89573,160.606,0.782287
3.32383,"16,8,16,4096,4,1,0,0,0",0.844097,3.93774,73.7603,0.86504
3.56082,"16,8,16,4096,4,2,0,0,0",0.84125,4.23278,78.6172,0.860189
4.06676,"16,8,16,4096,4,4,0,0,0",0.84093,4.83602,88.3311,0.850569
1.79769e+308,"16,8,16,4096,64,1,0,0,0",1.79769e+308,12.0088,187.005,0.758737
1.79769e+308,"16,8,16,4096,64,16,0,0,0",1.79769e+308,18.6494,259.859,0.69736
12.3499,"16,8,16,4096,64,2,0,0,0",0.99485,12.4138,191.862,0.754482
26.8855,"16,8,16,4096,64,32,0,0,0",0.988861,27.1884,337.57,0.637354
13.211,"16,8,16,4096,64,4,0,0,0",0.997841,13.2396,201.576,0.746044
1.79769e+308,"16,8,16,4096,64,64,0,0,0",1.79769e+308,49.7059,492.991,0.532387
14.898,"16,8,16,4096,64,8,0,0,0",0.996215,14.9546,221.004,0.72945
3.7188,"16,8,16,4096,8,1,0,0,0",0.845521,4.39824,81.31,0.857512
3.96332,"16,8,16,4096,8,2,0,0,0",0.843242,4.7001,86.1669,0.852703
4.48261,"16,8,16,4096,8,4,0,0,0",0.843058,5.31709,95.8807,0.843166
5.58703,"16,8,16,4096,8,8,0,0,0",0.8459,6.60484,115.308,0.824411
2.40711,"2,16,16,4096,1,1,0,0,0",1.0052,2.39467,47.6198,0.902708
2.28851,"2,16,16,4096,16,1,0,0,0",0.883675,2.58977,51.1587,0.899017
2.64264,"2,16,16,4096,16,16,0,0,0",0.851843,3.10226,60.2654,0.889587
2.21425,"2,16,16,4096,16,2,0,0,0",0.844017,2.62347,51.7658,0.898385
2.24111,"2,16,16,4096,16,4,0,0,0",0.832797,2.69106,52.98,0.897123
2.37146,"2,16,16,4096,16,8,0,0,0",0.838843,2.82706,55.4085,0.894604
2.23586,"2,16,16,4096,2,1,0,0,0",0.928666,2.4076,47.8557,0.902462
2.26148,"2,16,16,4096,2,2,0,0,0",0.92648,2.44094,48.4628,0.901828
1.79769e+308,"2,16,16,4096,32,1,0,0,0",1.79769e+308,2.80038,54.9335,0.895096
1.79769e+308,"2,16,16,4096,32,16,0,0,0",1.79769e+308,3.3191,64.0402,0.885708
2.42903,"2,16,16,4096,32,2,0,0,0",0.856956,2.83449,55.5406,0.894467
3.42375,"2,16,16,4096,32,32,0,0,0",0.880367,3.889,73.754,0.875802
2.47735,"2,16,16,4096,32,4,0,0,0",0.853401,2.90292,56.7548,0.893211
2.60993,"2,16,16,4096,32,8,0,0,0",0.858366,3.04058,59.1833,0.890703
2.18286,"2,16,16,4096,4,1,0,0,0",0.897003,2.43351,48.3275,0.901969
2.15157,"2,16,16,4096,4,2,0,0,0",0.872178,2.46689,48.9347,0.901335
2.21964,"2,16,16,4096,4,4,0,0,0",0.875989,2.53387,50.1489,0.900069
1.79769e+308,"2,16,16,4096,64,1,0,0,0",1.79769e+308,3.22934,62.4832,0.887306
1.79769e+308,"2,16,16,4096,64,16,0,0,0",1.79769e+308,3.76055,71.5899,0.877999
3.03857,"2,16,16,4096,64,2,0,0,0",0.930852,3.26429,63.0903,0.886682
4.06102,"2,16,16,4096,64,32,0,0,0",0.934891,4.34384,81.3037,0.868179
3.09946,"2,16,16,4096,64,4,0,0,0",0.929546,3.33438,64.3045,0.885437
1.79769e+308,"2,16,16,4096,64,64,0,0,0",1.79769e+308,5.56269,100.731,0.848868
3.23545,"2,16,16,4096,64,8,0,0,0",0.930968,3.47536,66.733,0.882951
2.20147,"2,16,16,4096,8,1,0,0,0",0.885751,2.48543,49.2712,0.900984
2.14566,"2,16,16,4096,8,2,0,0,0",0.851816,2.51892,49.8784,0.900351
2.17954,"2,16,16,4096,8,4,0,0,0",0.842787,2.5861,51.0926,0.899086
2.3135,"2,16,16,4096,8,8,0,0,0",0.850156,2.72127,53.521,0.896561
2.42554,"2,32,16,4096,1,1,0,0,0",0.984217,2.46444,48.8348,0.900326
2.2881,"2,32,16,4096,16,1,0,0,0",0.860005,2.66056,52.3737,0.896645
2.57853,"2,32,16,4096,16,16,0,0,0",0.811959,3.17569,61.4804,0.88724
2.20911,"2,32,16,4096,16,2,0,0,0",0.819879,2.69443,52.9808,0.896014
2.22425,"2,32,16,4096,16,4,0,0,0",0.805191,2.76238,54.195,0.894756
2.33582,"2,32,16,4096,16,8,0,0,0",0.805709,2.89908,56.6235,0.892243
2.24581,"2,32,16,4096,2,1,0,0,0",0.906502,2.47744,49.0707,0.90008
2.26965,"2,32,16,4096,2,2,0,0,0",0.903901,2.51095,49.6778,0.899448
1.79769e+308,"2,32,16,4096,32,1,0,0,0",1.79769e+308,2.87226,56.1485,0.892734
1.79769e+308,"2,32,16,4096,32,16,0,0,0",1.79769e+308,3.39363,65.2552,0.88337
2.365,"2,32,16,4096,32,2,0,0,0",0.813678,2.90655,56.7556,0.892107
3.21966,"2,32,16,4096,32,32,0,0,0",0.811734,3.9664,74.969,0.873491
2.37578,"2,32,16,4096,32,4,0,0,0",0.798493,2.97533,57.9698,0.890853
2.48096,"2,32,16,4096,32,8,0,0,0",0.796791,3.11369,60.3983,0.888352
2.19095,"2,32,16,4096,4,1,0,0,0",0.875163,2.50348,49.5425,0.899589
2.15607,"2,32,16,4096,4,2,0,0,0",0.849835,2.53704,50.1497,0.898956
2.22117,"2,32,16,4096,4,4,0,0,0",0.852865,2.60437,51.3639,0.897693
1.79769e+308,"2,32,16,4096,64,1,0,0,0",1.79769e+308,3.30342,63.6982,0.884964
1.79769e+308,"2,32,16,4096,64,16,0,0,0",1.79769e+308,3.8373,72.8049,0.875682
2.77224,"2,32,16,4096,64,2,0,0,0",0.830373,3.33854,64.3053,0.884343
3.70012,"2,32,16,4096,64,32,0,0,0",0.836472,4.42348,82.5187,0.865888
2.81759,"2,32,16,4096,64,4,0,0,0",0.826519,3.40899,65.5195,0.8831
1.79769e+308,"2,32,16,4096,64,64,0,0,0",1.79769e+308,5.64823,101.946,0.846628
2.94281,"2,32,16,4096,64,8,0,0,0",0.828801,3.55068,67.948,0.88062
2.20775,"2,32,16,4096,8,1,0,0,0",0.863859,2.55568,50.4862,0.898606
2.14838,"2,32,16,4096,8,2,0,0,0",0.829699,2.58935,51.0934,0.897975
2.17814,"2,32,16,4096,8,4,0,0,0",0.819811,2.65688,52.3076,0.896713
2.30525,"2,32,16,4096,8,8,0,0,0",0.825442,2.79275,54.736,0.894195
2.55617,"2,64,16,4096,1,1,0,0,0",0.981145,2.60529,51.2648,0.89558
2.40007,"2,64,16,4096,16,1,0,0,0",0.85611,2.80346,54.8037,0.891918
2.67739,"2,64,16,4096,16,16,0,0,0",0.805499,3.3239,63.9104,0.882563
2.31544,"2,64,16,4096,16,2,0,0,0",0.815958,2.83769,55.4108,0.891292
2.32761,"2,64,16,4096,16,4,0,0,0",0.800873,2.90634,56.625,0.890039
2.43596,"2,64,16,4096,16,8,0,0,0",0.800129,3.04445,59.0535,0.88754
2.36423,"2,64,16,4096,2,1,0,0,0",0.902917,2.61843,51.5007,0.895336
2.38708,"2,64,16,4096,2,2,0,0,0",0.900006,2.65229,52.1078,0.894707
1.79769e+308,"2,64,16,4096,32,1,0,0,0",1.79769e+308,3.01736,58.5785,0.888029
1.79769e+308,"2,64,16,4096,32,16,0,0,0",1.79769e+308,3.54405,67.6852,0.878714
2.4683,"2,64,16,4096,32,2,0,0,0",0.808747,3.052,59.1856,0.887405
3.26855,"2,64,16,4096,32,32,0,0,0",0.792847,4.12255,77.399,0.868887
2.46869,"2,64,16,4096,32,4,0,0,0",0.790869,3.12149,60.3998,0.886158
2.56447,"2,64,16,4096,32,8,0,0,0",0.786341,3.26127,62.8283,0.88367
2.30515,"2,64,16,4096,4,1,0,0,0",0.871597,2.64474,51.9725,0.894847
2.26697,"2,64,16,4096,4,2,0,0,0",0.846309,2.67866,52.5797,0.894218
2.33181,"2,64,16,4096,4,4,0,0,0",0.848952,2.74669,53.7939,0.892962
1.79769e+308,"2,64,16,4096,64,1,0,0,0",1.79769e+308,3.45292,66.1282,0.8803
1.79769e+308,"2,64,16,4096,64,16,0,0,0",1.79769e+308,3.99217,75.2349,0.871066
2.81542,"2,64,16,4096,64,2,0,0,0",0.807079,3.4884,66.7353,0.879681
3.62412,"2,64,16,4096,64,32,0,0,0",0.790577,4.58415,84.9487,0.861324
2.8156,"2,64,16,4096,64,4,0,0,0",0.790998,3.55956,67.9495,0.878445
1.79769e+308,"2,64,16,4096,64,64,0,0,0",1.79769e+308,5.82076,104.376,0.842166
2.91081,"2,64,16,4096,64,8,0,0,0",0.786135,3.70268,70.378,0.875979
2.32082,"2,64,16,4096,8,1,0,0,0",0.860364,2.69749,52.9162,0.89387
2.25577,"2,64,16,4096,8,2,0,0,0",0.825832,2.73151,53.5234,0.893241
2.28346,"2,64,16,4096,8,4,0,0,0",0.815595,2.79974,54.7376,0.891987
2.40732,"2,64,16,4096,8,8,0,0,0",0.819648,2.93702,57.166,0.889482
2.48292,"2,8,16,4096,1,1,0,0,0",1.05211,2.35995,47.0123,0.903902
2.39697,"2,8,16,4096,16,1,0,0,0",0.938318,2.55454,50.5512,0.900206
2.93181,"2,8,16,4096,16,16,0,0,0",0.956326,3.06571,59.6579,0.890763
2.3621,"2,8,16,4096,16,2,0,0,0",0.912659,2.58815,51.1583,0.899573
2.42881,"2,8,16,4096,16,4,0,0,0",0.914612,2.65557,52.3725,0.898309
2.60102,"2,8,16,4096,16,8,0,0,0",0.931859,2.79121,54.801,0.895787
2.32117,"2,8,16,4096,2,1,0,0,0",0.978221,2.37285,47.2482,0.903655
2.35214,"2,8,16,4096,2,2,0,0,0",0.977577,2.40609,47.8553,0.90302
1.79769e+308,"2,8,16,4096,32,1,0,0,0",1.79769e+308,2.7646,54.326,0.89628
1.79769e+308,"2,8,16,4096,32,16,0,0,0",1.79769e+308,3.282,63.4327,0.886879
2.75048,"2,8,16,4096,32,2,0,0,0",0.982796,2.79863,54.9331,0.89565
3.85969,"2,8,16,4096,32,32,0,0,0",1.00239,3.85048,73.1465,0.87696
2.81748,"2,8,16,4096,32,4,0,0,0",0.98277,2.86688,56.1473,0.894391
2.95891,"2,8,16,4096,32,8,0,0,0",0.984931,3.00418,58.5758,0.89188
2.26978,"2,8,16,4096,4,1,0,0,0",0.946262,2.39868,47.72,0.903161
2.24333,"2,8,16,4096,4,2,0,0,0",0.922429,2.43198,48.3272,0.902527
2.31926,"2,8,16,4096,4,4,0,0,0",0.928155,2.49878,49.5414,0.901259
1.79769e+308,"2,8,16,4096,64,1,0,0,0",1.79769e+308,3.19247,61.8757,0.888479
1.79769e+308,"2,8,16,4096,64,16,0,0,0",1.79769e+308,3.72234,70.9824,0.87916
3.34958,"2,8,16,4096,64,2,0,0,0",1.03788,3.22733,62.4828,0.887855
4.49983,"2,8,16,4096,64,32,0,0,0",1.04545,4.3042,80.6962,0.869327
3.43325,"2,8,16,4096,64,4,0,0,0",1.04125,3.29724,63.697,0.886607
1.79769e+308,"2,8,16,4096,64,64,0,0,0",1.79769e+308,5.5201,100.124,0.849991
3.58547,"2,8,16,4096,64,8,0,0,0",1.04293,3.43787,66.1255,0.884118
2.29798,"2,8,16,4096,8,1,0,0,0",0.937772,2.45047,48.6637,0.902175
2.25266,"2,8,16,4096,8,2,0,0,0",0.906914,2.48388,49.2709,0.901541
2.3073,"2,8,16,4096,8,4,0,0,0",0.904511,2.55088,50.4851,0.900274
2.47242,"2,8,16,4096,8,8,0,0,0",0.920588,2.6857,52.9135,0.897747
3.5111,"20,16,16,4096,1,1,0,0,0",0.802952,4.37273,80.1976,0.850171
5.33214,"20,16,16,4096,16,1,0,0,0",0.797077,6.68962,115.587,0.816039
11.0445,"20,16,16,4096,16,16,0,0,0",0.799433,13.8155,206.654,0.734375
5.65721,"20,16,16,4096,16,2,0,0,0",0.795507,7.11145,121.658,0.810323
6.34711,"20,16,16,4096,16,4,0,0,0",0.79567,7.97706,133.8,0.79901
7.8078,"20,16,16,4096,16,8,0,0,0",0.79688,9.79796,158.085,0.776857
3.60178,"20,16,16,4096,2,1,0,0,0",0.796894,4.51977,82.5569,0.847852
3.90296,"20,16,16,4096,2,2,0,0,0",0.796041,4.90297,88.628,0.841913
1.79769e+308,"20,16,16,4096,32,1,0,0,0",1.79769e+308,9.43226,153.335,0.781141
1.79769e+308,"20,16,16,4096,32,16,0,0,0",1.79769e+308,17.3065,244.402,0.702969
8.14793,"20,16,16,4096,32,2,0,0,0",0.822978,9.90054,159.406,0.775669
23.2751,"20,16,16,4096,32,32,0,0,0",0.832926,27.9438,341.54,0.628189
8.98263,"20,16,16,4096,32,4,0,0,0",0.827099,10.8604,171.548,0.76484
10.6926,"20,16,16,4096,32,8,0,0,0",0.83046,12.8755,195.833,0.743634
3.83461,"20,16,16,4096,4,1,0,0,0",0.796059,4.81699,87.2754,0.843232
4.12935,"20,16,16,4096,4,2,0,0,0",0.793249,5.20562,93.3465,0.837325
4.75815,"20,16,16,4096,4,4,0,0,0",0.792499,6.00398,105.489,0.825636
1.79769e+308,"20,16,16,4096,64,1,0,0,0",1.79769e+308,15.8258,228.832,0.715758
1.79769e+308,"20,16,16,4096,64,16,0,0,0",1.79769e+308,25.3532,319.899,0.644129
14.6914,"20,16,16,4096,64,2,0,0,0",0.896026,16.3962,234.903,0.710744
33.9963,"20,16,16,4096,64,32,0,0,0",0.892727,38.0814,417.037,0.575609
15.7663,"20,16,16,4096,64,4,0,0,0",0.89767,17.5636,247.045,0.700821
1.79769e+308,"20,16,16,4096,64,64,0,0,0",1.79769e+308,73.6007,611.313,0.459659
17.9487,"20,16,16,4096,64,8,0,0,0",0.897111,20.0073,271.33,0.68139
4.31665,"20,16,16,4096,8,1,0,0,0",0.795829,5.4241,96.7125,0.834069
4.62054,"20,16,16,4096,8,2,0,0,0",0.793409,5.82366,102.784,0.828226
5.26342,"20,16,16,4096,8,4,0,0,0",0.792189,6.64414,114.926,0.816664
6.63693,"20,16,16,4096,8,8,0,0,0",0.792725,8.37229,139.21,0.794021
4.06936,"20,32,16,4096,1,1,0,0,0",0.781801,5.20511,92.3476,0.828
5.91433,"20,32,16,4096,16,1,0,0,0",0.774646,7.63489,127.737,0.794758
11.6522,"20,32,16,4096,16,16,0,0,0",0.772287,15.088,218.804,0.715224
6.23765,"20,32,16,4096,16,2,0,0,0",0.772291,8.07681,133.808,0.789191
6.93082,"20,32,16,4096,16,4,0,0,0",0.771525,8.98327,145.95,0.778173
8.40119,"20,32,16,4096,16,8,0,0,0",0.771548,10.8888,170.235,0.756598
4.15601,"20,32,16,4096,2,1,0,0,0",0.775452,5.35947,94.7069,0.825741
4.46266,"20,32,16,4096,2,2,0,0,0",0.774548,5.76163,100.778,0.819957
1.79769e+308,"20,32,16,4096,32,1,0,0,0",1.79769e+308,10.5062,165.485,0.76077
1.79769e+308,"20,32,16,4096,32,16,0,0,0",1.79769e+308,18.7328,256.552,0.684637
8.51994,"20,32,16,4096,32,2,0,0,0",0.774817,10.9961,171.556,0.755441
23.2009,"20,32,16,4096,32,32,0,0,0",0.777935,29.8237,353.69,0.611807
9.29329,"20,32,16,4096,32,4,0,0,0",0.774451,11.9998,183.698,0.744894
10.9378,"20,32,16,4096,32,8,0,0,0",0.775398,14.106,207.983,0.724241
4.39193,"20,32,16,4096,4,1,0,0,0",0.774398,5.67142,99.4254,0.821242
4.68944,"20,32,16,4096,4,2,0,0,0",0.771397,6.07915,105.497,0.815489
5.32993,"20,32,16,4096,4,4,0,0,0",0.770631,6.91633,117.639,0.804105
1.79769e+308,"20,32,16,4096,64,1,0,0,0",1.79769e+308,17.1873,240.982,0.697092
1.79769e+308,"20,32,16,4096,64,16,0,0,0",1.79769e+308,27.1243,332.049,0.627331
14.2605,"20,32,16,4096,64,2,0,0,0",0.801932,17.7827,247.053,0.692209
32.8093,"20,32,16,4096,64,32,0,0,0",0.812524,40.3795,429.187,0.560598
15.3163,"20,32,16,4096,64,4,0,0,0",0.80607,19.0011,259.195,0.682545
1.79769e+308,"20,32,16,4096,64,64,0,0,0",1.79769e+308,77.3059,623.463,0.447672
17.46,"20,32,16,4096,64,8,0,0,0",0.810186,21.5506,283.48,0.663621
4.8835,"20,32,16,4096,8,1,0,0,0",0.774138,6.30831,108.862,0.812317
5.19077,"20,32,16,4096,8,2,0,0,0",0.7716,6.72729,114.934,0.806627
5.84376,"20,32,16,4096,8,4,0,0,0",0.770208,7.58724,127.076,0.795366
7.23788,"20,32,16,4096,8,8,0,0,0",0.770232,9.39701,151.36,0.773314
5.46682,"20,64,16,4096,1,1,0,0,0",0.778948,7.01821,116.648,0.785377
7.4707,"20,64,16,4096,16,1,0,0,0",0.771322,9.68558,152.037,0.753847
13.6852,"20,64,16,4096,16,16,0,0,0",0.767553,17.8296,243.104,0.678407
7.81936,"20,64,16,4096,16,2,0,0,0",0.768877,10.1698,158.108,0.748566
8.57111,"20,64,16,4096,16,4,0,0,0",0.767849,11.1625,170.25,0.738116
10.164,"20,64,16,4096,16,8,0,0,0",0.767294,13.2465,194.535,0.71765
5.55237,"20,64,16,4096,2,1,0,0,0",0.772456,7.18794,119.007,0.783235
5.88736,"20,64,16,4096,2,2,0,0,0",0.771611,7.62996,125.078,0.777748
1.79769e+308,"20,64,16,4096,32,1,0,0,0",1.79769e+308,12.8284,189.785,0.721608
1.79769e+308,"20,64,16,4096,32,16,0,0,0",1.79769e+308,21.7995,280.852,0.649394
10.2879,"20,64,16,4096,32,2,0,0,0",0.769833,13.3638,195.856,0.716553
26.0313,"20,64,16,4096,32,32,0,0,0",0.769044,33.8489,377.99,0.580314
11.1203,"20,64,16,4096,32,4,0,0,0",0.76902,14.4604,207.998,0.70655
12.8848,"20,64,16,4096,32,8,0,0,0",0.768836,16.7589,232.283,0.68696
5.80962,"20,64,16,4096,4,1,0,0,0",0.771445,7.53083,123.725,0.778967
6.13162,"20,64,16,4096,4,2,0,0,0",0.768494,7.97875,129.797,0.773511
6.83041,"20,64,16,4096,4,4,0,0,0",0.767665,8.89765,141.939,0.762712
1.79769e+308,"20,64,16,4096,64,1,0,0,0",1.79769e+308,20.1169,265.282,0.661208
1.79769e+308,"20,64,16,4096,64,16,0,0,0",1.79769e+308,30.9196,356.349,0.595039
16.0727,"20,64,16,4096,64,2,0,0,0",0.774016,20.7653,271.353,0.656576
35.0763,"20,64,16,4096,64,32,0,0,0",0.774513,45.2881,453.487,0.53174
17.087,"20,64,16,4096,64,4,0,0,0",0.773462,22.0916,283.495,0.64741
1.79769e+308,"20,64,16,4096,64,64,0,0,0",1.79769e+308,85.1841,647.763,0.424627
19.2369,"20,64,16,4096,64,8,0,0,0",0.773661,24.8647,307.78,0.62946
6.34498,"20,64,16,4096,8,1,0,0,0",0.770922,8.23038,133.162,0.770502
6.67535,"20,64,16,4096,8,2,0,0,0",0.768143,8.69024,139.234,0.765105
7.38554,"20,64,16,4096,8,4,0,0,0",0.766664,9.63335,151.376,0.754424
8.90271,"20,64,16,4096,8,8,0,0,0",0.766466,11.6153,175.66,0.733506
3.3781,"20,8,16,4096,1,1,0,0,0",0.849987,3.9743,74.1226,0.861478
5.41519,"20,8,16,4096,16,1,0,0,0",0.868362,6.2361,109.512,0.826892
11.6285,"20,8,16,4096,16,16,0,0,0",0.880766,13.2027,200.579,0.744142
5.78942,"20,8,16,4096,16,2,0,0,0",0.870832,6.64815,115.583,0.8211
6.5566,"20,8,16,4096,16,4,0,0,0",0.87493,7.49386,127.725,0.809637
8.14376,"20,8,16,4096,16,8,0,0,0",0.878169,9.27358,152.01,0.787189
3.47936,"20,8,16,4096,2,1,0,0,0",0.844965,4.11776,76.4819,0.859128
3.79151,"20,8,16,4096,2,2,0,0,0",0.844116,4.49169,82.553,0.85311
1.79769e+308,"20,8,16,4096,32,1,0,0,0",1.79769e+308,8.91608,147.26,0.79153
1.79769e+308,"20,8,16,4096,32,16,0,0,0",1.79769e+308,16.6188,238.327,0.712319
8.83235,"20,8,16,4096,32,2,0,0,0",0.942231,9.37387,153.331,0.785985
25.4246,"20,8,16,4096,32,32,0,0,0",0.940412,27.0356,335.465,0.636544
9.71851,"20,8,16,4096,32,4,0,0,0",0.942415,10.3124,165.473,0.775012
11.5656,"20,8,16,4096,32,8,0,0,0",0.94158,12.2831,189.758,0.753524
3.7199,"20,8,16,4096,4,1,0,0,0",0.843937,4.40779,81.2004,0.854447
4.02665,"20,8,16,4096,4,2,0,0,0",0.84115,4.78708,87.2715,0.848462
4.68011,"20,8,16,4096,4,4,0,0,0",0.840763,5.56651,99.4138,0.836617
1.79769e+308,"20,8,16,4096,64,1,0,0,0",1.79769e+308,15.1697,222.757,0.725277
1.79769e+308,"20,8,16,4096,64,16,0,0,0",1.79769e+308,24.4979,313.824,0.652696
15.661,"20,8,16,4096,64,2,0,0,0",0.995743,15.728,228.828,0.720197
36.5736,"20,8,16,4096,64,32,0,0,0",0.989287,36.9697,410.962,0.583264
16.8469,"20,8,16,4096,64,4,0,0,0",0.998597,16.8705,240.97,0.710142
1.79769e+308,"20,8,16,4096,64,64,0,0,0",1.79769e+308,71.8042,605.238,0.465772
19.199,"20,8,16,4096,64,8,0,0,0",0.996694,19.2627,265.255,0.690453
4.22663,"20,8,16,4096,8,1,0,0,0",0.845266,5.00035,90.6375,0.845162
4.54484,"20,8,16,4096,8,2,0,0,0",0.843129,5.39044,96.7086,0.839241
5.21859,"20,8,16,4096,8,4,0,0,0",0.842838,6.19169,108.851,0.827525
6.66197,"20,8,16,4096,8,8,0,0,0",0.845419,7.88008,133.135,0.804581
3.99368,"3,32,16,4096,32,32,0,0,0",0.811009,4.92433,90.4535,0.856381
2.31089,"4,16,16,4096,1,1,0,0,0",0.888575,2.60067,51.2395,0.896714
2.49129,"4,16,16,4096,16,1,0,0,0",0.830769,2.99877,58.3173,0.889395
3.32709,"4,16,16,4096,16,16,0,0,0",0.818449,4.06511,76.5307,0.870836
2.49312,"4,16,16,4096,16,2,0,0,0",0.812627,3.06798,59.5316,0.888146
2.59053,"4,16,16,4096,16,4,0,0,0",0.807722,3.2072,61.96,0.885652
2.82914,"4,16,16,4096,16,8,0,0,0",0.810905,3.48886,66.8169,0.880686
2.23527,"4,16,16,4096,2,1,0,0,0",0.850906,2.62693,51.7114,0.896224
2.2909,"4,16,16,4096,2,2,0,0,0",0.850156,2.69468,52.9256,0.894965
1.79769e+308,"4,16,16,4096,32,1,0,0,0",1.79769e+308,3.43344,65.867,0.881655
1.79769e+308,"4,16,16,4096,32,16,0,0,0",1.79769e+308,4.52493,84.0804,0.863257
2.91847,"4,16,16,4096,32,2,0,0,0",0.832823,3.50432,67.0812,0.880416
4.85918,"4,16,16,4096,32,32,0,0,0",0.844067,5.75686,103.508,0.844055
3.04169,"4,16,16,4096,32,4,0,0,0",0.834053,3.64688,69.5097,0.877944
3.29345,"4,16,16,4096,32,8,0,0,0",0.836915,3.93523,74.3666,0.873021
2.24022,"4,16,16,4096,4,1,0,0,0",0.836039,2.67956,52.6551,0.895245
2.26366,"4,16,16,4096,4,2,0,0,0",0.82389,2.74752,53.8693,0.893988
2.38367,"4,16,16,4096,4,4,0,0,0",0.826444,2.88425,56.2978,0.891478
1.79769e+308,"4,16,16,4096,64,1,0,0,0",1.79769e+308,4.33399,80.9663,0.866375
1.79769e+308,"4,16,16,4096,64,16,0,0,0",1.79769e+308,5.47628,99.1797,0.848296
3.98175,"4,16,16,4096,64,2,0,0,0",0.903254,4.40823,82.1806,0.865158
6.09003,"4,16,16,4096,64,32,0,0,0",0.90042,6.76354,118.607,0.829427
4.11594,"4,16,16,4096,64,4,0,0,0",0.90311,4.55752,84.609,0.862729
1.79769e+308,"4,16,16,4096,64,64,0,0,0",1.79769e+308,9.55893,157.463,0.792939
4.38505,"4,16,16,4096,64,8,0,0,0",0.902388,4.85938,89.4659,0.857891
2.31416,"4,16,16,4096,8,1,0,0,0",0.830841,2.78532,54.5425,0.893291
2.32305,"4,16,16,4096,8,2,0,0,0",0.81405,2.85369,55.7567,0.892036
2.42211,"4,16,16,4096,8,4,0,0,0",0.809731,2.99125,58.1852,0.889532
2.66053,"4,16,16,4096,8,8,0,0,0",0.813721,3.26958,63.0421,0.884543
2.38015,"4,32,16,4096,1,1,0,0,0",0.867688,2.74309,53.6695,0.891987
2.54047,"4,32,16,4096,16,1,0,0,0",0.807702,3.14531,60.7473,0.884707
3.32067,"4,32,16,4096,16,16,0,0,0",0.786444,4.22239,78.9607,0.866246
2.53578,"4,32,16,4096,16,2,0,0,0",0.78868,3.21523,61.9616,0.883465
2.62682,"4,32,16,4096,16,4,0,0,0",0.782753,3.35587,64.39,0.880984
2.84978,"4,32,16,4096,16,8,0,0,0",0.782822,3.64039,69.2469,0.876044
2.29617,"4,32,16,4096,2,1,0,0,0",0.829055,2.76962,54.1414,0.8915
2.35056,"4,32,16,4096,2,2,0,0,0",0.828223,2.83808,55.3556,0.890248
1.79769e+308,"4,32,16,4096,32,1,0,0,0",1.79769e+308,3.5844,68.297,0.877008
3.67909,"4,32,16,4096,32,16,0,0,0",0.785,4.68674,86.5104,0.858707
2.88105,"4,32,16,4096,32,2,0,0,0",0.788036,3.65599,69.5112,0.875775
4.67797,"4,32,16,4096,32,32,0,0,0",0.788789,5.93057,105.938,0.839606
2.97309,"4,32,16,4096,32,4,0,0,0",0.782395,3.79999,71.9397,0.873316
3.19973,"4,32,16,4096,32,8,0,0,0",0.782097,4.09122,76.7966,0.868419
2.29873,"4,32,16,4096,4,1,0,0,0",0.814341,2.82281,55.0851,0.890527
2.31872,"4,32,16,4096,4,2,0,0,0",0.801916,2.89147,56.2993,0.889276
2.43569,"4,32,16,4096,4,4,0,0,0",0.803961,3.02961,58.7278,0.886779
1.79769e+308,"4,32,16,4096,64,1,0,0,0",1.79769e+308,4.49393,83.3963,0.861808
1.79769e+308,"4,32,16,4096,64,16,0,0,0",1.79769e+308,5.6473,101.61,0.843824
3.69582,"4,32,16,4096,64,2,0,0,0",0.80891,4.56889,84.6106,0.860598
5.67605,"4,32,16,4096,64,32,0,0,0",0.817075,6.94679,121.037,0.825055
3.82803,"4,32,16,4096,64,4,0,0,0",0.811085,4.71965,87.039,0.858181
1.79769e+308,"4,32,16,4096,64,64,0,0,0",1.79769e+308,9.76796,159.893,0.78876
4.09017,"4,32,16,4096,64,8,0,0,0",0.814054,5.02445,91.8959,0.853369
2.37049,"4,32,16,4096,8,1,0,0,0",0.809136,2.92966,56.9725,0.888583
2.37546,"4,32,16,4096,8,2,0,0,0",0.792153,2.99874,58.1867,0.887334
2.4702,"4,32,16,4096,8,4,0,0,0",0.787263,3.13771,60.6152,0.884843
2.70245,"4,32,16,4096,8,8,0,0,0",0.79045,3.41888,65.4721,0.879881
2.62309,"4,64,16,4096,1,1,0,0,0",0.864778,3.03325,58.5295,0.882609
2.76895,"4,64,16,4096,16,1,0,0,0",0.804051,3.44375,65.6073,0.875406
3.548,"4,64,16,4096,16,16,0,0,0",0.781069,4.54249,83.8207,0.857138
2.75951,"4,64,16,4096,16,2,0,0,0",0.785044,3.5151,66.8216,0.874176
2.84912,"4,64,16,4096,16,4,0,0,0",0.778745,3.65861,69.25,0.871721
3.07158,"4,64,16,4096,16,8,0,0,0",0.777836,3.94888,74.1069,0.866833
2.52725,"4,64,16,4096,2,1,0,0,0",0.825809,3.06033,59.0014,0.882127
2.58159,"4,64,16,4096,2,2,0,0,0",0.824733,3.13021,60.2156,0.880888
1.79769e+308,"4,64,16,4096,32,1,0,0,0",1.79769e+308,3.89176,73.157,0.867787
1.79769e+308,"4,64,16,4096,32,16,0,0,0",1.79769e+308,5.01599,91.3704,0.849678
3.10206,"4,64,16,4096,32,2,0,0,0",0.782402,3.9648,74.3712,0.866567
4.88081,"4,64,16,4096,32,32,0,0,0",0.776721,6.28387,110.798,0.830778
3.19005,"4,64,16,4096,32,4,0,0,0",0.775851,4.11168,76.7997,0.864134
3.41173,"4,64,16,4096,32,8,0,0,0",0.773859,4.40873,81.6566,0.859288
2.52624,"4,64,16,4096,4,1,0,0,0",0.811091,3.11462,59.9451,0.881164
2.54322,"4,64,16,4096,4,2,0,0,0",0.798575,3.1847,61.1593,0.879926
2.66264,"4,64,16,4096,4,4,0,0,0",0.800628,3.32568,63.5878,0.877455
1.79769e+308,"4,64,16,4096,64,1,0,0,0",1.79769e+308,4.81939,88.2563,0.852747
1.79769e+308,"4,64,16,4096,64,16,0,0,0",1.79769e+308,5.99517,106.47,0.834952
3.83405,"4,64,16,4096,64,2,0,0,0",0.783126,4.89583,89.4706,0.851549
5.7014,"4,64,16,4096,64,32,0,0,0",0.77895,7.31934,125.897,0.81638
3.92462,"4,64,16,4096,64,4,0,0,0",0.777224,5.04954,91.899,0.849158
1.79769e+308,"4,64,16,4096,64,64,0,0,0",1.79769e+308,10.1926,164.753,0.780467
4.16081,"4,64,16,4096,64,8,0,0,0",0.776229,5.36029,96.7559,0.844396
2.59769,"4,64,16,4096,8,1,0,0,0",0.805817,3.22367,61.8325,0.87924
2.59805,"4,64,16,4096,8,2,0,0,0",0.78868,3.29418,63.0467,0.878005
2.69223,"4,64,16,4096,8,4,0,0,0",0.783535,3.436,65.4752,0.87554
2.92611,"4,64,16,4096,8,8,0,0,0",0.785977,3.7229,70.3321,0.87063
2.36681,"4,8,16,4096,1,1,0,0,0",0.935455,2.53012,50.0245,0.899087
2.60774,"4,8,16,4096,16,1,0,0,0",0.891178,2.92616,57.1023,0.891749
3.59468,"4,8,16,4096,16,16,0,0,0",0.901564,3.98716,75.3157,0.87314
2.647,"4,8,16,4096,16,2,0,0,0",0.8838,2.99502,58.3166,0.890496
2.77424,"4,8,16,4096,16,4,0,0,0",0.88534,3.13354,60.745,0.887996
3.04135,"4,8,16,4096,16,8,0,0,0",0.890903,3.41378,65.6019,0.883016
2.29934,"4,8,16,4096,2,1,0,0,0",0.899501,2.55624,50.4964,0.898596
2.361,"4,8,16,4096,2,2,0,0,0",0.899893,2.62364,51.7106,0.897333
1.79769e+308,"4,8,16,4096,32,1,0,0,0",1.79769e+308,3.35863,64.652,0.883988
1.79769e+308,"4,8,16,4096,32,16,0,0,0",1.79769e+308,4.44473,82.8654,0.865541
3.26396,"4,8,16,4096,32,2,0,0,0",0.951828,3.42915,65.8662,0.882746
5.39589,"4,8,16,4096,32,32,0,0,0",0.951534,5.67073,102.293,0.846288
3.39762,"4,8,16,4096,32,4,0,0,0",0.951448,3.571,68.2947,0.880267
3.6679,"4,8,16,4096,32,8,0,0,0",0.950744,3.85792,73.1516,0.875331
2.30621,"4,8,16,4096,4,1,0,0,0",0.884079,2.6086,51.4401,0.897614
2.33517,"4,8,16,4096,4,2,0,0,0",0.872564,2.67621,52.6543,0.896353
2.46398,"4,8,16,4096,4,4,0,0,0",0.876164,2.81223,55.0828,0.893836
1.79769e+308,"4,8,16,4096,64,1,0,0,0",1.79769e+308,4.25472,79.7513,0.868667
1.79769e+308,"4,8,16,4096,64,16,0,0,0",1.79769e+308,5.39148,97.9647,0.85054
4.34041,"4,8,16,4096,64,2,0,0,0",1.00273,4.32859,80.9656,0.867447
6.67257,"4,8,16,4096,64,32,0,0,0",0.999985,6.67267,117.392,0.831622
4.49873,"4,8,16,4096,64,4,0,0,0",1.00482,4.47716,83.394,0.865011
1.79769e+308,"4,8,16,4096,64,64,0,0,0",1.79769e+308,9.45524,156.248,0.795037
4.79354,"4,8,16,4096,64,8,0,0,0",1.00335,4.77755,88.2509,0.86016
2.39117,"4,8,16,4096,8,1,0,0,0",0.881112,2.71381,53.3275,0.895655
2.40896,"4,8,16,4096,8,2,0,0,0",0.86596,2.78183,54.5417,0.894396
2.52377,"4,8,16,4096,8,4,0,0,0",0.864694,2.91869,56.9702,0.891885
2.79177,"4,8,16,4096,8,8,0,0,0",0.87363,3.1956,61.8271,0.886884
3.30788,"5,32,16,4096,32,4,0,0,0",0.78237,4.22802,78.9246,0.864678
2.4935,"6,16,16,4096,1,1,0,0,0",0.887345,2.81007,54.8593,0.89076
2.84011,"6,16,16,4096,16,1,0,0,0",0.830657,3.41911,65.476,0.879877
4.16022,"6,16,16,4096,16,16,0,0,0",0.818712,5.08142,92.7961,0.85248
2.86541,"6,16,16,4096,16,2,0,0,0",0.812731,3.52566,67.2973,0.878023
3.02244,"6,16,16,4096,16,4,0,0,0",0.808012,3.74058,70.94,0.874328
3.38706,"6,16,16,4096,16,8,0,0,0",0.810744,4.17772,78.2254,0.866984
2.42419,"6,16,16,4096,2,1,0,0,0",0.850585,2.85003,55.5671,0.89003
2.51187,"6,16,16,4096,2,2,0,0,0",0.850531,2.95329,57.3884,0.888155
1.79769e+308,"6,16,16,4096,32,1,0,0,0",1.79769e+308,4.09146,76.8005,0.868415
1.79769e+308,"6,16,16,4096,32,16,0,0,0",1.79769e+308,5.8112,104.121,0.841375
3.50155,"6,16,16,4096,32,2,0,0,0",0.833348,4.20179,78.6218,0.866586
6.58694,"6,16,16,4096,32,32,0,0,0",0.84427,7.80194,133.262,0.813459
3.69068,"6,16,16,4096,32,4,0,0,0",0.834184,4.42429,82.2645,0.862938
4.08081,"6,16,16,4096,32,8,0,0,0",0.836802,4.87667,89.5499,0.85569
2.44902,"6,16,16,4096,4,1,0,0,0",0.835777,2.93023,56.9826,0.888572
2.49864,"6,16,16,4096,4,2,0,0,0",0.823557,3.03396,58.804,0.8867
2.67917,"6,16,16,4096,4,4,0,0,0",0.82608,3.24323,62.4466,0.882968
1.79769e+308,"6,16,16,4096,64,1,0,0,0",1.79769e+308,5.50725,99.4495,0.845938
1.79769e+308,"6,16,16,4096,64,16,0,0,0",1.79769e+308,7.34413,126.77,0.819597
5.0826,"6,16,16,4096,64,2,0,0,0",0.903529,5.62527,101.271,0.844156
8.51855,"6,16,16,4096,64,32,0,0,0",0.900019,9.46486,155.911,0.792404
5.29538,"6,16,16,4096,64,4,0,0,0",0.903156,5.8632,104.914,0.840603
1.79769e+308,"6,16,16,4096,64,64,0,0,0",1.79769e+308,14.2377,214.194,0.740695
5.72633,"6,16,16,4096,64,8,0,0,0",0.902263,6.34663,112.199,0.833542
2.56808,"6,16,16,4096,8,1,0,0,0",0.83063,3.09173,59.8137,0.885664
2.60144,"6,16,16,4096,8,2,0,0,0",0.813867,3.1964,61.6351,0.883799
2.75896,"6,16,16,4096,8,4,0,0,0",0.80966,3.40755,65.2778,0.880079
3.12271,"6,16,16,4096,8,8,0,0,0",0.813814,3.83713,72.5631,0.872686
2.62366,"6,32,16,4096,1,1,0,0,0",0.86645,3.02806,58.5043,0.883726
2.94483,"6,32,16,4096,16,1,0,0,0",0.80759,3.64645,69.121,0.872929
4.19198,"6,32,16,4096,16,16,0,0,0",0.785985,5.33341,96.4411,0.845749
2.96114,"6,32,16,4096,16,2,0,0,0",0.788666,3.75461,70.9423,0.87109
3.10922,"6,32,16,4096,16,4,0,0,0",0.782632,3.97277,74.585,0.867424
3.45697,"6,32,16,4096,16,8,0,0,0",0.782749,4.41644,81.8704,0.860138
2.54355,"6,32,16,4096,2,1,0,0,0",0.828883,3.06864,59.2121,0.883002
2.62857,"6,32,16,4096,2,2,0,0,0",0.828287,3.1735,61.0334,0.881142
1.79769e+308,"6,32,16,4096,32,1,0,0,0",1.79769e+308,4.32889,80.4455,0.861558
1.79769e+308,"6,32,16,4096,32,16,0,0,0",1.79769e+308,6.07372,107.766,0.834731
3.49968,"6,32,16,4096,32,2,0,0,0",0.788062,4.44087,82.2668,0.859743
6.38817,"6,32,16,4096,32,32,0,0,0",0.789388,8.09256,136.907,0.807036
3.65113,"6,32,16,4096,32,4,0,0,0",0.782387,4.66666,85.9095,0.856125
4.00762,"6,32,16,4096,32,8,0,0,0",0.78187,5.12568,93.1949,0.848933
2.56482,"6,32,16,4096,4,1,0,0,0",0.814206,3.15008,60.6276,0.881556
2.60937,"6,32,16,4096,4,2,0,0,0",0.801549,3.25541,62.449,0.879699
2.78688,"6,32,16,4096,4,4,0,0,0",0.803625,3.46789,66.0916,0.875997
1.79769e+308,"6,32,16,4096,64,1,0,0,0",1.79769e+308,5.76541,103.094,0.839258
1.79769e+308,"6,32,16,4096,64,16,0,0,0",1.79769e+308,7.62836,130.415,0.813126
4.76049,"6,32,16,4096,64,2,0,0,0",0.808902,5.88513,104.916,0.83749
7.98142,"6,32,16,4096,64,32,0,0,0",0.81623,9.77839,159.556,0.786147
4.96724,"6,32,16,4096,64,4,0,0,0",0.810784,6.12647,108.559,0.833965
1.79769e+308,"6,32,16,4096,64,64,0,0,0",1.79769e+308,14.6151,217.839,0.734846
5.38272,"6,32,16,4096,64,8,0,0,0",0.813494,6.61679,115.844,0.82696
2.68086,"6,32,16,4096,8,1,0,0,0",0.808933,3.31407,63.4587,0.878671
2.70895,"6,32,16,4096,8,2,0,0,0",0.792011,3.42034,65.2801,0.87682
2.86132,"6,32,16,4096,8,4,0,0,0",0.78722,3.63471,68.9228,0.87313
3.2173,"6,32,16,4096,8,8,0,0,0",0.790343,4.07077,76.2081,0.865796
3.00125,"6,64,16,4096,1,1,0,0,0",0.863389,3.47613,65.7943,0.869825
3.30674,"6,64,16,4096,16,1,0,0,0",0.803888,4.11343,76.411,0.859199
4.568,"6,64,16,4096,16,16,0,0,0",0.780802,5.8504,103.731,0.832445
3.31637,"6,64,16,4096,16,2,0,0,0",0.784963,4.22487,78.2323,0.857388
3.46447,"6,64,16,4096,16,4,0,0,0",0.778605,4.44959,81.875,0.85378
3.81556,"6,64,16,4096,16,8,0,0,0",0.777655,4.9065,89.1604,0.846608
2.90377,"6,64,16,4096,2,1,0,0,0",0.825411,3.51797,66.5021,0.869113
2.99049,"6,64,16,4096,2,2,0,0,0",0.824722,3.62606,68.3234,0.867282
1.79769e+308,"6,64,16,4096,32,1,0,0,0",1.79769e+308,4.81635,87.7355,0.848006
1.79769e+308,"6,64,16,4096,32,16,0,0,0",1.79769e+308,6.61208,115.056,0.821601
3.85773,"6,64,16,4096,32,2,0,0,0",0.78224,4.93165,89.5568,0.84622
6.74832,"6,64,16,4096,32,32,0,0,0",0.776741,8.68799,144.197,0.794342
4.0057,"6,64,16,4096,32,4,0,0,0",0.77568,5.16412,93.1995,0.842658
4.36293,"6,64,16,4096,32,8,0,0,0",0.774036,5.6366,100.485,0.83558
2.92083,"6,64,16,4096,4,1,0,0,0",0.810908,3.60192,67.9176,0.86769
2.96158,"6,64,16,4096,4,2,0,0,0",0.798166,3.71049,69.739,0.865862
3.14403,"6,64,16,4096,4,4,0,0,0",0.800118,3.92946,73.3816,0.862217
1.79769e+308,"6,64,16,4096,64,1,0,0,0",1.79769e+308,6.2949,110.384,0.826057
1.79769e+308,"6,64,16,4096,64,16,0,0,0",1.79769e+308,8.21081,137.705,0.800336
5.02763,"6,64,16,4096,64,2,0,0,0",0.783355,6.41807,112.206,0.824317
8.11646,"6,64,16,4096,64,32,0,0,0",0.778902,10.4204,166.846,0.773782
5.18145,"6,64,16,4096,64,4,0,0,0",0.777255,6.66635,115.849,0.820847
1.79769e+308,"6,64,16,4096,64,64,0,0,0",1.79769e+308,15.3869,225.129,0.723288
5.56695,"6,64,16,4096,64,8,0,0,0",0.77635,7.17067,123.134,0.813952
3.03805,"6,64,16,4096,8,1,0,0,0",0.805647,3.77094,70.7487,0.86485
3.06021,"6,64,16,4096,8,2,0,0,0",0.788622,3.88046,72.5701,0.863028
3.214,"6,64,16,4096,8,4,0,0,0",0.783647,4.10134,76.2128,0.859396
3.57743,"6,64,16,4096,8,8,0,0,0",0.786157,4.55053,83.4981,0.852177
2.52466,"6,8,16,4096,1,1,0,0,0",0.934172,2.70257,53.0368,0.894297
2.94688,"6,8,16,4096,16,1,0,0,0",0.891113,3.30696,63.6535,0.883371
4.46813,"6,8,16,4096,16,16,0,0,0",0.901372,4.95703,90.9736,0.855865
3.01472,"6,8,16,4096,16,2,0,0,0",0.883379,3.41271,65.4748,0.88151
3.20763,"6,8,16,4096,16,4,0,0,0",0.884614,3.62602,69.1175,0.8778
3.61337,"6,8,16,4096,16,8,0,0,0",0.890009,4.05992,76.4029,0.870427
2.46555,"6,8,16,4096,2,1,0,0,0",0.899106,2.74222,53.7446,0.893565
2.55738,"6,8,16,4096,2,2,0,0,0",0.899,2.84469,55.5659,0.891682
1.79769e+308,"6,8,16,4096,32,1,0,0,0",1.79769e+308,3.97429,74.978,0.871864
1.79769e+308,"6,8,16,4096,32,16,0,0,0",1.79769e+308,5.68158,102.298,0.844716
3.88685,"6,8,16,4096,32,2,0,0,0",0.951769,4.08381,76.7993,0.870027
7.28199,"6,8,16,4096,32,32,0,0,0",0.950853,7.65838,131.44,0.81669
4.09311,"6,8,16,4096,32,4,0,0,0",0.950851,4.30468,80.442,0.866366
4.51558,"6,8,16,4096,32,8,0,0,0",0.949896,4.75376,87.7274,0.859088
2.49422,"6,8,16,4096,4,1,0,0,0",0.883909,2.82181,55.1601,0.892101
2.55072,"6,8,16,4096,4,2,0,0,0",0.872118,2.92474,56.9815,0.890222
2.74341,"6,8,16,4096,4,4,0,0,0",0.875811,3.13242,60.6241,0.886475
1.79769e+308,"6,8,16,4096,64,1,0,0,0",1.79769e+308,5.3798,97.627,0.849297
1.79769e+308,"6,8,16,4096,64,16,0,0,0",1.79769e+308,7.20374,124.947,0.822852
5.52124,"6,8,16,4096,64,2,0,0,0",1.00441,5.49698,99.4483,0.847508
9.30207,"6,8,16,4096,64,32,0,0,0",0.999155,9.30994,154.089,0.795551
5.76736,"6,8,16,4096,64,4,0,0,0",1.00596,5.73321,103.091,0.843941
1.79769e+308,"6,8,16,4096,64,64,0,0,0",1.79769e+308,14.0512,212.371,0.743637
6.23727,"6,8,16,4096,64,8,0,0,0",1.00387,6.21321,110.376,0.836852
2.62657,"6,8,16,4096,8,1,0,0,0",0.880787,2.98207,57.9912,0.889182
2.67115,"6,8,16,4096,8,2,0,0,0",0.865586,3.08594,59.8126,0.887309
2.8491,"6,8,16,4096,8,4,0,0,0",0.864545,3.29549,63.4553,0.883574
3.25199,"6,8,16,4096,8,8,0,0,0",0.873756,3.72185,70.7406,0.876152
3.15256,"7,32,16,4096,16,1,0,0,0",0.807678,3.90323,73.3078,0.867099
2.96733,"7,32,16,4096,4,4,0,0,0",0.803724,3.69197,69.7736,0.870655
2.8396,"7,32,16,4096,8,1,0,0,0",0.80895,3.51022,66.7019,0.873757
3.06234,"7,32,16,4096,8,4,0,0,0",0.787368,3.88934,73.0766,0.867331
2.51509,"8,16,16,4096,1,1,0,0,0",0.832019,3.02287,58.479,0.884845
3.10641,"8,16,16,4096,16,1,0,0,0",0.80667,3.8509,72.6347,0.87046
4.95832,"8,16,16,4096,16,16,0,0,0",0.805919,6.15238,109.061,0.83451
3.20137,"8,16,16,4096,16,2,0,0,0",0.801013,3.99665,75.0631,0.868016
3.42964,"8,16,16,4096,16,4,0,0,0",0.799189,4.2914,79.92,0.863148
3.91991,"8,16,16,4096,16,8,0,0,0",0.800958,4.89402,89.6338,0.853495
2.50288,"8,16,16,4096,2,1,0,0,0",0.813433,3.07694,59.4227,0.883878
2.61725,"8,16,16,4096,2,2,0,0,0",0.813618,3.2168,61.8512,0.881397
1.79769e+308,"8,16,16,4096,32,1,0,0,0",1.79769e+308,4.77478,87.734,0.855374
1.79769e+308,"8,16,16,4096,32,16,0,0,0",1.79769e+308,7.18022,124.161,0.820048
4.06458,"8,16,16,4096,32,2,0,0,0",0.824908,4.92732,90.1625,0.852973
8.38825,"8,16,16,4096,32,32,0,0,0",0.836084,10.0328,163.016,0.783972
4.33517,"8,16,16,4096,32,4,0,0,0",0.827999,5.23571,95.0194,0.848189
4.87493,"8,16,16,4096,32,8,0,0,0",0.831072,5.86584,104.733,0.838703
2.5722,"8,16,16,4096,4,1,0,0,0",0.80746,3.18555,61.3102,0.881949
2.66564,"8,16,16,4096,4,2,0,0,0",0.801395,3.32625,63.7386,0.879472
2.89711,"8,16,16,4096,4,4,0,0,0",0.802326,3.61089,68.5955,0.874541
1.79769e+308,"8,16,16,4096,64,1,0,0,0",1.79769e+308,6.75091,117.933,0.825983
1.79769e+308,"8,16,16,4096,64,16,0,0,0",1.79769e+308,9.37076,154.359,0.79187
6.20442,"8,16,16,4096,64,2,0,0,0",0.896929,6.91741,120.361,0.823663
11.1452,"8,16,16,4096,64,32,0,0,0",0.894063,12.4658,193.215,0.757034
6.51001,"8,16,16,4096,64,4,0,0,0",0.897456,7.25385,125.218,0.819044
1.79769e+308,"8,16,16,4096,64,64,0,0,0",1.79769e+308,19.6715,270.925,0.691893
7.12034,"8,16,16,4096,64,8,0,0,0",0.896697,7.94063,134.932,0.809884
2.74318,"8,16,16,4096,8,1,0,0,0",0.8057,3.40472,65.085,0.878103
2.83553,"8,16,16,4096,8,2,0,0,0",0.799393,3.5471,67.5135,0.875637
3.05476,"8,16,16,4096,8,4,0,0,0",0.796526,3.8351,72.3704,0.870727
3.53136,"8,16,16,4096,8,8,0,0,0",0.798202,4.42414,82.0842,0.860988
2.69166,"8,32,16,4096,1,1,0,0,0",0.810891,3.31939,63.339,0.875541
3.26425,"8,32,16,4096,16,1,0,0,0",0.783886,4.1642,77.4947,0.861308
5.05838,"8,32,16,4096,16,16,0,0,0",0.776956,6.5105,113.921,0.825736
3.35396,"8,32,16,4096,16,2,0,0,0",0.777666,4.31285,79.9231,0.85889
3.57557,"8,32,16,4096,16,4,0,0,0",0.77503,4.61345,84.78,0.854073
4.05131,"8,32,16,4096,16,8,0,0,0",0.774939,5.22791,94.4938,0.844521
2.67222,"8,32,16,4096,2,1,0,0,0",0.791871,3.37456,64.2827,0.874585
2.78541,"8,32,16,4096,2,2,0,0,0",0.79192,3.51729,66.7112,0.872129
1.79769e+308,"8,32,16,4096,32,1,0,0,0",1.79769e+308,5.10634,92.594,0.846381
1.79769e+308,"8,32,16,4096,32,16,0,0,0",1.79769e+308,7.55776,129.021,0.811426
4.09531,"8,32,16,4096,32,2,0,0,0",0.778302,5.26186,95.0225,0.844004
8.17695,"8,32,16,4096,32,32,0,0,0",0.781521,10.4629,167.876,0.77573
4.3279,"8,32,16,4096,32,4,0,0,0",0.776132,5.57624,99.8794,0.839271
4.82972,"8,32,16,4096,32,8,0,0,0",0.776671,6.21849,109.593,0.829885
2.73923,"8,32,16,4096,4,1,0,0,0",0.785918,3.48539,66.1702,0.872676
2.82923,"8,32,16,4096,4,2,0,0,0",0.779626,3.62896,68.5986,0.870226
3.05889,"8,32,16,4096,4,4,0,0,0",0.780455,3.91937,73.4555,0.865346
1.79769e+308,"8,32,16,4096,64,1,0,0,0",1.79769e+308,7.12037,122.793,0.817298
1.79769e+308,"8,32,16,4096,64,16,0,0,0",1.79769e+308,9.78879,159.219,0.783544
5.85137,"8,32,16,4096,64,2,0,0,0",0.802656,7.29001,125.221,0.815003
10.516,"8,32,16,4096,64,32,0,0,0",0.812701,12.9395,198.075,0.749075
6.15529,"8,32,16,4096,64,4,0,0,0",0.80643,7.63276,130.078,0.810433
1.79769e+308,"8,32,16,4096,64,64,0,0,0",1.79769e+308,20.2704,275.785,0.684618
6.7472,"8,32,16,4096,64,8,0,0,0",0.809761,8.33234,139.792,0.801369
2.90787,"8,32,16,4096,8,1,0,0,0",0.783997,3.70903,69.945,0.86887
2.99687,"8,32,16,4096,8,2,0,0,0",0.77754,3.85429,72.3735,0.86643
3.21279,"8,32,16,4096,8,4,0,0,0",0.774524,4.14808,77.2304,0.861572
3.68216,"8,32,16,4096,8,8,0,0,0",0.775384,4.74882,86.9442,0.851936
3.17929,"8,64,16,4096,1,1,0,0,0",0.808116,3.9342,73.059,0.857227
3.75606,"8,64,16,4096,16,1,0,0,0",0.780377,4.81314,87.2147,0.843291
5.5989,"8,64,16,4096,16,16,0,0,0",0.772171,7.25086,123.641,0.808464
3.84439,"8,64,16,4096,16,2,0,0,0",0.773873,4.96772,89.6431,0.840924
4.07137,"8,64,16,4096,16,4,0,0,0",0.771057,5.28024,94.5,0.836208
4.55963,"8,64,16,4096,16,8,0,0,0",0.770363,5.91881,104.214,0.826856
3.14784,"8,64,16,4096,2,1,0,0,0",0.788612,3.99162,74.0027,0.856291
3.26558,"8,64,16,4096,2,2,0,0,0",0.788756,4.14017,76.4312,0.853887
1.79769e+308,"8,64,16,4096,32,1,0,0,0",1.79769e+308,5.7925,102.314,0.828677
1.79769e+308,"8,64,16,4096,32,16,0,0,0",1.79769e+308,8.33775,138.741,0.794452
4.60386,"8,64,16,4096,32,2,0,0,0",0.773227,5.95409,104.742,0.82635
8.76006,"8,64,16,4096,32,32,0,0,0",0.771797,11.3502,177.596,0.759503
4.83807,"8,64,16,4096,32,4,0,0,0",0.77031,6.28069,109.599,0.821716
5.34724,"8,64,16,4096,32,8,0,0,0",0.769644,6.94768,119.313,0.812526
3.2145,"8,64,16,4096,4,1,0,0,0",0.782693,4.10698,75.8902,0.854422
3.30491,"8,64,16,4096,4,2,0,0,0",0.776461,4.25638,78.3186,0.852023
3.54273,"8,64,16,4096,4,4,0,0,0",0.777169,4.5585,83.1755,0.847245
1.79769e+308,"8,64,16,4096,64,1,0,0,0",1.79769e+308,7.88388,132.513,0.800202
1.79769e+308,"8,64,16,4096,64,16,0,0,0",1.79769e+308,10.6515,168.939,0.767154
6.2432,"8,64,16,4096,64,2,0,0,0",0.774598,8.05992,134.941,0.797955
10.7976,"8,64,16,4096,64,32,0,0,0",0.775906,13.9161,207.795,0.733406
6.50118,"8,64,16,4096,64,4,0,0,0",0.772518,8.41557,139.798,0.793481
1.79769e+308,"8,64,16,4096,64,64,0,0,0",1.79769e+308,21.5029,285.505,0.670298
7.06431,"8,64,16,4096,64,8,0,0,0",0.77279,9.1413,149.512,0.784606
3.3884,"8,64,16,4096,8,1,0,0,0",0.780793,4.33969,79.665,0.850695
3.47602,"8,64,16,4096,8,2,0,0,0",0.774031,4.49081,82.0935,0.848307
3.69702,"8,64,16,4096,8,4,0,0,0",0.770794,4.79638,86.9504,0.84355
4.18213,"8,64,16,4096,8,8,0,0,0",0.771476,5.42095,96.6642,0.834115
2.52944,"8,8,16,4096,1,1,0,0,0",0.879102,2.8773,56.049,0.889533
3.23078,"8,8,16,4096,16,1,0,0,0",0.873893,3.697,70.2047,0.875073
5.29485,"8,8,16,4096,16,16,0,0,0",0.885977,5.97628,106.631,0.838932
3.35668,"8,8,16,4096,16,2,0,0,0",0.87384,3.8413,72.6331,0.872616
3.62638,"8,8,16,4096,16,4,0,0,0",0.877388,4.13316,77.49,0.867722
4.16855,"8,8,16,4096,16,8,0,0,0",0.881316,4.72992,87.2038,0.858017
2.52474,"8,8,16,4096,2,1,0,0,0",0.861447,2.93081,56.9927,0.888562
2.64593,"8,8,16,4096,2,2,0,0,0",0.862075,3.06925,59.4212,0.886067
1.79769e+308,"8,8,16,4096,32,1,0,0,0",1.79769e+308,4.61183,85.304,0.859907
1.79769e+308,"8,8,16,4096,32,16,0,0,0",1.79769e+308,6.99452,121.731,0.824393
4.49521,"8,8,16,4096,32,2,0,0,0",0.943797,4.7629,87.7325,0.857492
9.25782,"8,8,16,4096,32,32,0,0,0",0.942648,9.82108,160.586,0.788127
4.78452,"8,8,16,4096,32,4,0,0,0",0.944003,5.06832,92.5894,0.852684
5.36796,"8,8,16,4096,32,8,0,0,0",0.942997,5.69245,102.303,0.843147
2.59879,"8,8,16,4096,4,1,0,0,0",0.855338,3.03831,58.8802,0.886622
2.69946,"8,8,16,4096,4,2,0,0,0",0.84953,3.17759,61.3086,0.884133
2.94361,"8,8,16,4096,4,4,0,0,0",0.850908,3.45938,66.1655,0.879175
1.79769e+308,"8,8,16,4096,64,1,0,0,0",1.79769e+308,6.5692,115.503,0.830359
1.79769e+308,"8,8,16,4096,64,16,0,0,0",1.79769e+308,9.16501,151.929,0.796066
6.70884,"8,8,16,4096,64,2,0,0,0",0.996243,6.73414,117.931,0.828028
12.1204,"8,8,16,4096,64,32,0,0,0",0.990835,12.2325,190.785,0.761046
7.0565,"8,8,16,4096,64,4,0,0,0",0.998449,7.06746,122.788,0.823384
1.79769e+308,"8,8,16,4096,64,64,0,0,0",1.79769e+308,19.3763,268.495,0.695559
7.71915,"8,8,16,4096,64,8,0,0,0",0.996288,7.7479,132.502,0.814176
2.78579,"8,8,16,4096,8,1,0,0,0",0.855777,3.25528,62.655,0.882755
2.88543,"8,8,16,4096,8,2,0,0,0",0.849598,3.39623,65.0835,0.880277
3.12413,"8,8,16,4096,8,4,0,0,0",0.848636,3.68136,69.9404,0.87534
3.64053,"8,8,16,4096,8,8,0,0,0",0.853662,4.2646,79.6542,0.865551
