0.196754,"1,16,16,4096,1,1,0,0,0",0.085809,2.29293,45.8099,0.90572
0.171714,"1,16,16,4096,16,1,0,0,0",0.071862,2.3895,47.5793,0.903867
0.0705331,"1,16,16,4096,16,16,0,0,0",0.026711,2.6406,52.1327,0.899114
0.0965408,"1,16,16,4096,16,2,0,0,0",0.040123,2.40612,47.8829,0.903549
0.061427,"1,16,16,4096,16,4,0,0,0",0.025181,2.43942,48.49,0.902914
0.0596328,"1,16,16,4096,16,8,0,0,0",0.023794,2.50621,49.7042,0.901646
0.165907,"1,16,16,4096,2,1,0,0,0",0.072154,2.29935,45.9278,0.905597
0.109701,"1,16,16,4096,2,2,0,0,0",0.047369,2.31588,46.2314,0.905278
0.179169,"1,16,16,4096,32,1,0,0,0",0.071865,2.49313,49.4667,0.901894
0.10616,"1,16,16,4096,32,16,0,0,0",0.038663,2.74579,54.0201,0.897151
0.100725,"1,16,16,4096,32,2,0,0,0",0.040132,2.50985,49.7703,0.901577
0.147991,"1,16,16,4096,32,32,0,0,0",0.049013,3.01942,58.877,0.89212
0.0656339,"1,16,16,4096,32,4,0,0,0",0.025806,2.54336,50.3774,0.900943
0.0712241,"1,16,16,4096,32,8,0,0,0",0.027283,2.61057,51.5916,0.899677
0.166178,"1,16,16,4096,4,1,0,0,0",0.07187,2.3122,46.1638,0.905349
0.0942606,"1,16,16,4096,4,2,0,0,0",0.040477,2.32874,46.4673,0.905031
0.0664847,"1,16,16,4096,4,4,0,0,0",0.028149,2.36189,47.0744,0.904395
0.194213,"1,16,16,4096,64,1,0,0,0",0.071869,2.70232,53.2416,0.89796
0.175628,"1,16,16,4096,64,16,0,0,0",0.059372,2.95809,57.7949,0.893239
0.133018,"1,16,16,4096,64,2,0,0,0",0.048917,2.71925,53.5451,0.897645
0.209912,"1,16,16,4096,64,32,0,0,0",0.064887,3.23504,62.6518,0.88823
0.133523,"1,16,16,4096,64,4,0,0,0",0.048498,2.75317,54.1523,0.897014
1.79769e+308,"1,16,16,4096,64,64,0,0,0",1.79769e+308,3.8018,72.3657,0.878295
0.14861,"1,16,16,4096,64,8,0,0,0",0.052676,2.82121,55.3665,0.895754
0.168008,"1,16,16,4096,8,1,0,0,0",0.071862,2.33792,46.6356,0.904855
0.0946908,"1,16,16,4096,8,2,0,0,0",0.040217,2.3545,46.9392,0.904537
0.058952,"1,16,16,4096,8,4,0,0,0",0.02469,2.38769,47.5463,0.903901
0.0454998,"1,16,16,4096,8,8,0,0,0",0.018539,2.45428,48.7605,0.902631
0.199631,"1,32,16,4096,1,1,0,0,0",0.085772,2.32746,46.4174,0.904525
0.174124,"1,32,16,4096,16,1,0,0,0",0.071825,2.42428,48.1868,0.902673
0.0366564,"1,32,16,4096,16,16,0,0,0",0.013698,2.67604,52.7402,0.897927
0.0978356,"1,32,16,4096,16,2,0,0,0",0.040081,2.44095,48.4904,0.902356
0.0605914,"1,32,16,4096,16,4,0,0,0",0.024488,2.47433,49.0975,0.901722
0.0425922,"1,32,16,4096,16,8,0,0,0",0.01676,2.5413,50.3117,0.900455
0.168313,"1,32,16,4096,2,1,0,0,0",0.072117,2.33389,46.5353,0.904401
0.111252,"1,32,16,4096,2,2,0,0,0",0.047332,2.35047,46.8389,0.904083
1.79769e+308,"1,32,16,4096,32,1,0,0,0",1.79769e+308,2.52818,50.0742,0.900703
1.79769e+308,"1,32,16,4096,32,16,0,0,0",1.79769e+308,2.7815,54.6276,0.895967
0.102007,"1,32,16,4096,32,2,0,0,0",0.040082,2.54495,50.3778,0.900386
0.0388916,"1,32,16,4096,32,32,0,0,0",0.012727,3.05584,59.4845,0.890942
0.0625323,"1,32,16,4096,32,4,0,0,0",0.024251,2.57854,50.9849,0.899754
0.0434355,"1,32,16,4096,32,8,0,0,0",0.016416,2.64593,52.1991,0.898489
0.168576,"1,32,16,4096,4,1,0,0,0",0.071833,2.34678,46.7713,0.904154
0.0955745,"1,32,16,4096,4,2,0,0,0",0.04044,2.36337,47.0748,0.903836
0.0673731,"1,32,16,4096,4,4,0,0,0",0.028112,2.39659,47.6819,0.903201
0.196665,"1,32,16,4096,64,1,0,0,0",0.07183,2.73792,53.8491,0.896775
0.0518591,"1,32,16,4096,64,16,0,0,0",0.017319,2.99435,58.4024,0.892059
0.11043,"1,32,16,4096,64,2,0,0,0",0.040085,2.7549,54.1526,0.89646
0.057872,"1,32,16,4096,64,32,0,0,0",0.017687,3.27201,63.2593,0.887057
0.0675277,"1,32,16,4096,64,4,0,0,0",0.024213,2.7889,54.7598,0.89583
1.79769e+308,"1,32,16,4096,64,64,0,0,0",1.79769e+308,3.84018,72.9732,0.877136
0.0481367,"1,32,16,4096,64,8,0,0,0",0.016848,2.85712,55.974,0.894571
0.17041,"1,32,16,4096,8,1,0,0,0",0.071825,2.37257,47.2431,0.90366
0.0959975,"1,32,16,4096,8,2,0,0,0",0.04018,2.38919,47.5467,0.903343
0.0597211,"1,32,16,4096,8,4,0,0,0",0.024653,2.42247,48.1538,0.902708
0.0460557,"1,32,16,4096,8,8,0,0,0",0.018502,2.48923,49.368,0.90144
0.205563,"1,64,16,4096,1,1,0,0,0",0.085764,2.39684,47.6324,0.902138
0.179124,"1,64,16,4096,16,1,0,0,0",0.071817,2.49417,49.4018,0.900291
0.037607,"1,64,16,4096,16,16,0,0,0",0.013689,2.74724,53.9552,0.895557
0.100618,"1,64,16,4096,16,2,0,0,0",0.040072,2.51092,49.7054,0.899975
0.062289,"1,64,16,4096,16,4,0,0,0",0.02448,2.54448,50.3125,0.899342
0.0437503,"1,64,16,4096,16,8,0,0,0",0.016751,2.6118,51.5267,0.898079
0.173298,"1,64,16,4096,2,1,0,0,0",0.072108,2.40331,47.7503,0.902014
0.11452,"1,64,16,4096,2,2,0,0,0",0.047323,2.41997,48.0539,0.901697
1.79769e+308,"1,64,16,4096,32,1,0,0,0",1.79769e+308,2.59862,51.2892,0.898326
1.79769e+308,"1,64,16,4096,32,16,0,0,0",1.79769e+308,2.85325,55.8426,0.893602
0.104813,"1,64,16,4096,32,2,0,0,0",0.040074,2.61547,51.5928,0.89801
0.0353201,"1,64,16,4096,32,32,0,0,0",0.011288,3.129,60.6995,0.888591
0.0642733,"1,64,16,4096,32,4,0,0,0",0.024261,2.64924,52.1999,0.897379
0.045186,"1,64,16,4096,32,8,0,0,0",0.016631,2.71698,53.4141,0.896118
0.173548,"1,64,16,4096,4,1,0,0,0",0.071825,2.41626,47.9863,0.901768
0.0983661,"1,64,16,4096,4,2,0,0,0",0.040431,2.43294,48.2898,0.901451
0.069314,"1,64,16,4096,4,4,0,0,0",0.028104,2.46634,48.8969,0.900818
1.79769e+308,"1,64,16,4096,64,1,0,0,0",1.79769e+308,2.80944,55.0641,0.894408
1.79769e+308,"1,64,16,4096,64,16,0,0,0",1.79769e+308,3.06719,59.6174,0.889705
0.113278,"1,64,16,4096,64,2,0,0,0",0.040077,2.82651,55.3676,0.894094
0.0391045,"1,64,16,4096,64,32,0,0,0",0.011686,3.34627,64.4743,0.884716
0.0692431,"1,64,16,4096,64,4,0,0,0",0.024205,2.86069,55.9748,0.893466
1.79769e+308,"1,64,16,4096,64,64,0,0,0",1.79769e+308,3.9173,74.1882,0.874821
0.0476561,"1,64,16,4096,64,8,0,0,0",0.016269,2.92926,57.189,0.89221
0.175391,"1,64,16,4096,8,1,0,0,0",0.071817,2.44219,48.4581,0.901275
0.0987786,"1,64,16,4096,8,2,0,0,0",0.040172,2.45889,48.7617,0.900959
0.0614214,"1,64,16,4096,8,4,0,0,0",0.024644,2.49235,49.3688,0.900326
0.0473321,"1,64,16,4096,8,8,0,0,0",0.018493,2.55946,50.583,0.899061
0.195408,"1,8,16,4096,1,1,0,0,0",0.085867,2.27571,45.5061,0.906319
0.170638,"1,8,16,4096,16,1,0,0,0",0.071934,2.37215,47.2756,0.904464
0.0849538,"1,8,16,4096,16,16,0,0,0",0.032389,2.62292,51.8289,0.899708
0.0961304,"1,8,16,4096,16,2,0,0,0",0.040243,2.38875,47.5791,0.904146
0.0690052,"1,8,16,4096,16,4,0,0,0",0.028491,2.422,48.1863,0.903511
0.070749,"1,8,16,4096,16,8,0,0,0",0.028428,2.48871,49.4005,0.902241
0.164806,"1,8,16,4096,2,1,0,0,0",0.072216,2.28212,45.6241,0.906195
0.109024,"1,8,16,4096,2,2,0,0,0",0.04743,2.29863,45.9277,0.905877
0.178328,"1,8,16,4096,32,1,0,0,0",0.072033,2.47564,49.163,0.90249
0.203179,"1,8,16,4096,32,16,0,0,0",0.07448,2.72797,53.7164,0.897744
0.134881,"1,8,16,4096,32,2,0,0,0",0.054118,2.49235,49.4666,0.902172
0.253549,"1,8,16,4096,32,32,0,0,0",0.084481,3.00126,58.5733,0.89271
0.136858,"1,8,16,4096,32,4,0,0,0",0.054184,2.52581,50.0737,0.901538
0.155241,"1,8,16,4096,32,8,0,0,0",0.059871,2.59293,51.2879,0.900272
0.165099,"1,8,16,4096,4,1,0,0,0",0.07194,2.29495,45.86,0.905948
0.0937048,"1,8,16,4096,4,2,0,0,0",0.040539,2.31147,46.1636,0.905629
0.0661521,"1,8,16,4096,4,4,0,0,0",0.028215,2.34457,46.7707,0.904993
0.303892,"1,8,16,4096,64,1,0,0,0",0.1132,2.68456,52.9378,0.898554
0.343004,"1,8,16,4096,64,16,0,0,0",0.116668,2.94,57.4912,0.893829
0.311353,"1,8,16,4096,64,2,0,0,0",0.115253,2.70147,53.2414,0.898238
0.385417,"1,8,16,4096,64,32,0,0,0",0.119821,3.2166,62.3481,0.888816
0.318862,"1,8,16,4096,64,4,0,0,0",0.116571,2.73535,53.8485,0.897607
1.79769e+308,"1,8,16,4096,64,64,0,0,0",1.79769e+308,3.78264,72.0619,0.878876
0.32749,"1,8,16,4096,64,8,0,0,0",0.116823,2.8033,55.0627,0.896346
0.166931,"1,8,16,4096,8,1,0,0,0",0.071933,2.32064,46.3319,0.905453
0.0943688,"1,8,16,4096,8,2,0,0,0",0.040377,2.33719,46.6354,0.905135
0.0591305,"1,8,16,4096,8,4,0,0,0",0.024946,2.37034,47.2425,0.904499
0.046724,"1,8,16,4096,8,8,0,0,0",0.019174,2.43684,48.4568,0.903228
1.79769e+308,"10,16,16,4096,1,1,0,0,0",1.79769e+308,3.23911,62.0988,0.878969
1.79769e+308,"10,16,16,4096,16,1,0,0,0",1.79769e+308,4.29425,79.7933,0.861144
1.79769e+308,"10,16,16,4096,16,16,0,0,0",1.79769e+308,7.27941,125.327,0.81692
1.79769e+308,"10,16,16,4096,16,2,0,0,0",1.79769e+308,4.48108,82.8289,0.858123
1.79769e+308,"10,16,16,4096,16,4,0,0,0",1.79769e+308,4.85988,88.9,0.852112
1.79769e+308,"10,16,16,4096,16,8,0,0,0",1.79769e+308,5.63823,101.042,0.840216
1.79769e+308,"10,16,16,4096,2,1,0,0,0",1.79769e+308,3.30767,63.2784,0.877769
1.79769e+308,"10,16,16,4096,2,2,0,0,0",1.79769e+308,3.48524,66.314,0.87469
1.79769e+308,"10,16,16,4096,32,1,0,0,0",1.79769e+308,5.48381,98.6675,0.842529
1.79769e+308,"10,16,16,4096,32,16,0,0,0",1.79769e+308,8.63477,144.201,0.799261
1.79769e+308,"10,16,16,4096,32,2,0,0,0",1.79769e+308,5.68139,101.703,0.839573
1.79769e+308,"10,16,16,4096,32,32,0,0,0",1.79769e+308,12.4593,192.77,0.755554
1.79769e+308,"10,16,16,4096,32,4,0,0,0",1.79769e+308,6.0818,107.774,0.833692
1.79769e+308,"10,16,16,4096,32,8,0,0,0",1.79769e+308,6.90388,119.916,0.822053
1.79769e+308,"10,16,16,4096,4,1,0,0,0",1.79769e+308,3.44553,65.6377,0.875375
1.79769e+308,"10,16,16,4096,4,2,0,0,0",1.79769e+308,3.62443,68.6733,0.872303
1.79769e+308,"10,16,16,4096,4,4,0,0,0",1.79769e+308,3.9873,74.7444,0.866193
1.79769e+308,"10,16,16,4096,64,1,0,0,0",1.79769e+308,8.0671,136.416,0.806498
1.79769e+308,"10,16,16,4096,64,16,0,0,0",1.79769e+308,11.5639,181.949,0.76508
1.79769e+308,"10,16,16,4096,64,2,0,0,0",1.79769e+308,8.287,139.451,0.803669
1.79769e+308,"10,16,16,4096,64,32,0,0,0",1.79769e+308,15.7871,230.518,0.723243
1.79769e+308,"10,16,16,4096,64,4,0,0,0",1.79769e+308,8.73234,145.523,0.798039
1.79769e+308,"10,16,16,4096,64,64,0,0,0",1.79769e+308,25.944,327.657,0.646306
1.79769e+308,"10,16,16,4096,64,8,0,0,0",1.79769e+308,9.64552,157.665,0.786898
1.79769e+308,"10,16,16,4096,8,1,0,0,0",1.79769e+308,3.72434,70.3562,0.870605
1.79769e+308,"10,16,16,4096,8,2,0,0,0",1.79769e+308,3.90586,73.3918,0.867551
1.79769e+308,"10,16,16,4096,8,4,0,0,0",1.79769e+308,4.27402,79.463,0.861474
1.79769e+308,"10,16,16,4096,8,8,0,0,0",1.79769e+308,5.03089,91.6052,0.849447
1.79769e+308,"10,32,16,4096,1,1,0,0,0",1.79769e+308,3.61715,68.1738,0.867432
1.79769e+308,"10,32,16,4096,16,1,0,0,0",1.79769e+308,4.6988,85.8683,0.849841
1.79769e+308,"10,32,16,4096,16,16,0,0,0",1.79769e+308,7.75569,131.402,0.806198
1.79769e+308,"10,32,16,4096,16,2,0,0,0",1.79769e+308,4.89024,88.9039,0.84686
1.79769e+308,"10,32,16,4096,16,4,0,0,0",1.79769e+308,5.27834,94.975,0.840928
1.79769e+308,"10,32,16,4096,16,8,0,0,0",1.79769e+308,6.07556,107.117,0.829188
1.79769e+308,"10,32,16,4096,2,1,0,0,0",1.79769e+308,3.68745,69.3534,0.866248
1.79769e+308,"10,32,16,4096,2,2,0,0,0",1.79769e+308,3.86954,72.389,0.863209
1.79769e+308,"10,32,16,4096,32,1,0,0,0",1.79769e+308,5.91742,104.742,0.831471
1.79769e+308,"10,32,16,4096,32,16,0,0,0",1.79769e+308,9.14255,150.276,0.78877
1.79769e+308,"10,32,16,4096,32,2,0,0,0",1.79769e+308,6.11975,107.778,0.828554
1.79769e+308,"10,32,16,4096,32,32,0,0,0",1.79769e+308,13.0536,198.845,0.745638
1.79769e+308,"10,32,16,4096,32,4,0,0,0",1.79769e+308,6.52976,113.849,0.82275
1.79769e+308,"10,32,16,4096,32,8,0,0,0",1.79769e+308,7.37134,125.991,0.811264
1.79769e+308,"10,32,16,4096,4,1,0,0,0",1.79769e+308,3.82883,71.7127,0.863885
1.79769e+308,"10,32,16,4096,4,2,0,0,0",1.79769e+308,4.01224,74.7483,0.860854
1.79769e+308,"10,32,16,4096,4,4,0,0,0",1.79769e+308,4.38422,80.8194,0.854824
1.79769e+308,"10,32,16,4096,64,1,0,0,0",1.79769e+308,8.56176,142.491,0.795913
1.79769e+308,"10,32,16,4096,64,16,0,0,0",1.79769e+308,12.1382,188.024,0.755038
1.79769e+308,"10,32,16,4096,64,2,0,0,0",1.79769e+308,8.78675,145.526,0.79312
1.79769e+308,"10,32,16,4096,64,32,0,0,0",1.79769e+308,16.4547,236.593,0.71375
1.79769e+308,"10,32,16,4096,64,4,0,0,0",1.79769e+308,9.24237,151.598,0.787564
1.79769e+308,"10,32,16,4096,64,64,0,0,0",1.79769e+308,26.8274,333.732,0.637823
1.79769e+308,"10,32,16,4096,64,8,0,0,0",1.79769e+308,10.1765,163.74,0.77657
1.79769e+308,"10,32,16,4096,8,1,0,0,0",1.79769e+308,4.11467,76.4312,0.859178
1.79769e+308,"10,32,16,4096,8,2,0,0,0",1.79769e+308,4.30075,79.4668,0.856164
1.79769e+308,"10,32,16,4096,8,4,0,0,0",1.79769e+308,4.67807,85.538,0.850167
1.79769e+308,"10,32,16,4096,8,8,0,0,0",1.79769e+308,5.45352,97.6802,0.838298
1.79769e+308,"10,64,16,4096,1,1,0,0,0",1.79769e+308,4.40772,80.3238,0.844811
1.79769e+308,"10,64,16,4096,16,1,0,0,0",1.79769e+308,5.54359,98.0183,0.827679
1.79769e+308,"10,64,16,4096,16,16,0,0,0",1.79769e+308,8.74761,143.552,0.785173
1.79769e+308,"10,64,16,4096,16,2,0,0,0",1.79769e+308,5.74448,101.054,0.824775
1.79769e+308,"10,64,16,4096,16,4,0,0,0",1.79769e+308,6.15162,107.125,0.818998
1.79769e+308,"10,64,16,4096,16,8,0,0,0",1.79769e+308,6.98753,119.267,0.807564
1.79769e+308,"10,64,16,4096,2,1,0,0,0",1.79769e+308,4.48159,81.5034,0.843658
1.79769e+308,"10,64,16,4096,2,2,0,0,0",1.79769e+308,4.6729,84.539,0.840698
1.79769e+308,"10,64,16,4096,32,1,0,0,0",1.79769e+308,6.82175,116.892,0.809788
1.79769e+308,"10,64,16,4096,32,16,0,0,0",1.79769e+308,10.1992,162.426,0.768201
1.79769e+308,"10,64,16,4096,32,2,0,0,0",1.79769e+308,7.03385,119.928,0.806946
0.125035,"10,64,16,4096,32,32,0,0,0",0.008751,14.2881,210.995,0.726193
1.79769e+308,"10,64,16,4096,32,4,0,0,0",1.79769e+308,7.46354,125.999,0.801294
1.79769e+308,"10,64,16,4096,32,8,0,0,0",1.79769e+308,8.34513,138.141,0.790107
1.79769e+308,"10,64,16,4096,4,1,0,0,0",1.79769e+308,4.63012,83.8627,0.841356
1.79769e+308,"10,64,16,4096,4,2,0,0,0",1.79769e+308,4.82279,86.8983,0.838405
1.79769e+308,"10,64,16,4096,4,4,0,0,0",1.79769e+308,5.21338,92.9694,0.832532
1.79769e+308,"10,64,16,4096,64,1,0,0,0",1.79769e+308,9.59141,154.641,0.775157
1.79769e+308,"10,64,16,4096,64,16,0,0,0",1.79769e+308,13.3316,200.174,0.735348
1.79769e+308,"10,64,16,4096,64,2,0,0,0",1.79769e+308,9.82687,157.676,0.772437
1.79769e+308,"10,64,16,4096,64,32,0,0,0",1.79769e+308,17.8396,248.743,0.695137
1.79769e+308,"10,64,16,4096,64,4,0,0,0",1.79769e+308,10.3036,163.748,0.767026
1.79769e+308,"10,64,16,4096,64,64,0,0,0",1.79769e+308,28.6562,345.882,0.62119
1.79769e+308,"10,64,16,4096,64,8,0,0,0",1.79769e+308,11.2807,175.89,0.756318
1.79769e+308,"10,64,16,4096,8,1,0,0,0",1.79769e+308,4.93036,88.5812,0.836772
1.79769e+308,"10,64,16,4096,8,2,0,0,0",1.79769e+308,5.12575,91.6168,0.833837
1.79769e+308,"10,64,16,4096,8,4,0,0,0",1.79769e+308,5.52183,97.688,0.827996
1.79769e+308,"10,64,16,4096,8,8,0,0,0",1.79769e+308,6.33534,109.83,0.816436
1.79769e+308,"10,8,16,4096,1,1,0,0,0",1.79769e+308,3.05432,59.0613,0.884795
0.0670285,"10,8,16,4096,16,1,0,0,0",0.016363,4.09635,76.7558,0.866852
0.0960239,"10,8,16,4096,16,16,0,0,0",0.013628,7.04607,122.289,0.822334
0.054393,"10,8,16,4096,16,2,0,0,0",0.012706,4.28089,79.7914,0.86381
0.0599018,"10,8,16,4096,16,4,0,0,0",0.012868,4.6551,85.8625,0.85776
0.0716636,"10,8,16,4096,16,8,0,0,0",0.013212,5.42413,98.0048,0.845785
1.79769e+308,"10,8,16,4096,2,1,0,0,0",1.79769e+308,3.12201,60.2409,0.883587
1.79769e+308,"10,8,16,4096,2,2,0,0,0",1.79769e+308,3.29735,63.2765,0.880487
1.79769e+308,"10,8,16,4096,32,1,0,0,0",1.79769e+308,5.27154,95.63,0.848114
0.296383,"10,8,16,4096,32,16,0,0,0",0.035343,8.38589,141.164,0.804558
0.162183,"10,8,16,4096,32,2,0,0,0",0.029667,5.46677,98.6656,0.845138
0.448199,"10,8,16,4096,32,32,0,0,0",0.036835,12.1677,189.733,0.760562
0.185271,"10,8,16,4096,32,4,0,0,0",0.031603,5.86245,104.737,0.839218
0.220585,"10,8,16,4096,32,8,0,0,0",0.033047,6.6749,116.879,0.827502
1.79769e+308,"10,8,16,4096,4,1,0,0,0",1.79769e+308,3.25814,62.6002,0.881177
1.79769e+308,"10,8,16,4096,4,2,0,0,0",1.79769e+308,3.43479,65.6358,0.878085
1.79769e+308,"10,8,16,4096,4,4,0,0,0",1.79769e+308,3.79316,71.7069,0.871934
1.79769e+308,"10,8,16,4096,64,1,0,0,0",1.79769e+308,7.8247,133.378,0.811844
1.79769e+308,"10,8,16,4096,64,16,0,0,0",1.79769e+308,11.2822,178.912,0.770151
1.79769e+308,"10,8,16,4096,64,2,0,0,0",1.79769e+308,8.04208,136.414,0.808995
1.79769e+308,"10,8,16,4096,64,32,0,0,0",1.79769e+308,15.4595,227.481,0.728036
1.79769e+308,"10,8,16,4096,64,4,0,0,0",1.79769e+308,8.48235,142.485,0.803328
1.79769e+308,"10,8,16,4096,64,64,0,0,0",1.79769e+308,25.5099,324.619,0.65059
1.79769e+308,"10,8,16,4096,64,8,0,0,0",1.79769e+308,9.38521,154.627,0.792113
1.79769e+308,"10,8,16,4096,8,1,0,0,0",1.79769e+308,3.53346,67.3187,0.876376
1.79769e+308,"10,8,16,4096,8,2,0,0,0",1.79769e+308,3.71274,70.3543,0.873301
1.79769e+308,"10,8,16,4096,8,4,0,0,0",1.79769e+308,4.07636,76.4255,0.867184
0.0482983,"10,8,16,4096,8,8,0,0,0",0.010012,4.82404,88.5677,0.855077
0.062442,"12,16,16,4096,1,1,0,0,0",0.018053,3.45881,65.7186,0.873132
0.0773757,"12,16,16,4096,16,1,0,0,0",0.016292,4.74931,86.952,0.851928
0.0772432,"12,16,16,4096,16,16,0,0,0",0.009126,8.46408,141.592,0.7997
0.0614475,"12,16,16,4096,16,2,0,0,0",0.012341,4.97913,90.5947,0.848342
0.0566087,"12,16,16,4096,16,4,0,0,0",0.010394,5.44628,97.88,0.841216
0.0605635,"12,16,16,4096,16,8,0,0,0",0.009447,6.41088,112.451,0.827144
0.0578131,"12,16,16,4096,2,1,0,0,0",0.016321,3.54225,67.1341,0.871702
0.0498699,"12,16,16,4096,2,2,0,0,0",0.013268,3.75866,70.7768,0.868034
0.101432,"12,16,16,4096,32,1,0,0,0",0.01631,6.21902,109.601,0.829877
0.131234,"12,16,16,4096,32,16,0,0,0",0.012894,10.1779,164.241,0.779001
0.0798952,"12,16,16,4096,32,2,0,0,0",0.012359,6.46454,113.244,0.826385
0.218086,"12,16,16,4096,32,32,0,0,0",0.01445,15.0925,222.524,0.728167
0.0803147,"12,16,16,4096,32,4,0,0,0",0.011534,6.9633,120.529,0.819443
0.0961366,"12,16,16,4096,32,8,0,0,0",0.012029,7.99207,135.1,0.805734
0.0604064,"12,16,16,4096,4,1,0,0,0",0.016281,3.71024,69.9652,0.86885
0.0486158,"12,16,16,4096,4,2,0,0,0",0.012375,3.92855,73.6079,0.865193
0.0475646,"12,16,16,4096,4,4,0,0,0",0.010878,4.37255,80.8933,0.857925
0.252723,"12,16,16,4096,64,1,0,0,0",0.02672,9.4582,154.899,0.787473
0.463232,"12,16,16,4096,64,16,0,0,0",0.033249,13.9322,209.539,0.739197
0.270241,"12,16,16,4096,64,2,0,0,0",0.027755,9.73667,158.542,0.784159
0.681343,"12,16,16,4096,64,32,0,0,0",0.035027,19.4519,267.822,0.69096
0.306079,"12,16,16,4096,64,4,0,0,0",0.029711,10.3019,165.827,0.777572
1.79769e+308,"12,16,16,4096,64,64,0,0,0",1.79769e+308,33.1498,384.388,0.603723
0.363744,"12,16,16,4096,64,8,0,0,0",0.031724,11.4659,180.398,0.764564
0.0659526,"12,16,16,4096,8,1,0,0,0",0.016282,4.05064,75.6275,0.863172
0.052726,"12,16,16,4096,8,2,0,0,0",0.01234,4.27277,79.2702,0.859539
0.0492098,"12,16,16,4096,8,4,0,0,0",0.010416,4.72444,86.5555,0.852319
0.0547889,"12,16,16,4096,8,8,0,0,0",0.009684,5.65767,101.126,0.838061
0.0706249,"12,32,16,4096,1,1,0,0,0",0.01801,3.92143,73.0086,0.859398
0.085316,"12,32,16,4096,16,1,0,0,0",0.016249,5.25054,94.242,0.838528
0.0821127,"12,32,16,4096,16,16,0,0,0",0.009052,9.07123,148.882,0.787121
0.0674805,"12,32,16,4096,16,2,0,0,0",0.012298,5.48711,97.8847,0.834998
0.0617736,"12,32,16,4096,16,4,0,0,0",0.010351,5.96789,105.17,0.827984
0.0654681,"12,32,16,4096,16,8,0,0,0",0.009406,6.96024,119.741,0.814133
0.0652325,"12,32,16,4096,2,1,0,0,0",0.016278,4.0074,74.4241,0.857991
0.0559466,"12,32,16,4096,2,2,0,0,0",0.013225,4.23037,78.0668,0.85438
1.79769e+308,"12,32,16,4096,32,1,0,0,0",1.79769e+308,6.7629,116.891,0.816824
1.79769e+308,"12,32,16,4096,32,16,0,0,0",1.79769e+308,10.8322,171.531,0.766748
0.0864021,"12,32,16,4096,32,2,0,0,0",0.012316,7.01544,120.534,0.813386
0.146032,"12,32,16,4096,32,32,0,0,0",0.009197,15.8782,229.814,0.716713
0.0778961,"12,32,16,4096,32,4,0,0,0",0.010347,7.52837,127.819,0.806553
0.0807005,"12,32,16,4096,32,8,0,0,0",0.009399,8.58607,142.39,0.79306
0.0678826,"12,32,16,4096,4,1,0,0,0",0.016238,4.18048,77.2552,0.855183
0.054327,"12,32,16,4096,4,2,0,0,0",0.012332,4.40537,80.8979,0.851584
0.0526866,"12,32,16,4096,4,4,0,0,0",0.010835,4.86263,88.1833,0.844431
1.79769e+308,"12,32,16,4096,64,1,0,0,0",1.79769e+308,10.0928,162.189,0.775087
1.79769e+308,"12,32,16,4096,64,16,0,0,0",1.79769e+308,14.6873,216.829,0.72757
0.128263,"12,32,16,4096,64,2,0,0,0",0.012358,10.3789,165.832,0.771825
0.268673,"12,32,16,4096,64,32,0,0,0",0.013202,20.3509,275.112,0.680091
0.122999,"12,32,16,4096,64,4,0,0,0",0.011223,10.9596,173.117,0.765341
1.79769e+308,"12,32,16,4096,64,64,0,0,0",1.79769e+308,34.3919,391.678,0.594227
0.14354,"12,32,16,4096,64,8,0,0,0",0.011809,12.1551,187.688,0.752538
0.0735855,"12,32,16,4096,8,1,0,0,0",0.01624,4.53113,82.9175,0.849595
0.0585324,"12,32,16,4096,8,2,0,0,0",0.012297,4.75989,86.5602,0.846019
0.0541983,"12,32,16,4096,8,4,0,0,0",0.010373,5.22494,93.8455,0.838913
0.0596335,"12,32,16,4096,8,8,0,0,0",0.009641,6.1854,108.416,0.824878
0.0881314,"12,64,16,4096,1,1,0,0,0",0.017997,4.89701,87.5886,0.832575
0.10237,"12,64,16,4096,16,1,0,0,0",0.016235,6.30554,108.822,0.812356
0.0934855,"12,64,16,4096,16,16,0,0,0",0.009037,10.3447,163.462,0.762554
0.0805342,"12,64,16,4096,16,2,0,0,0",0.012284,6.55602,112.465,0.808936
0.0730296,"12,64,16,4096,16,4,0,0,0",0.010337,7.06487,119.75,0.802142
0.0762032,"12,64,16,4096,16,8,0,0,0",0.009391,8.11449,134.321,0.788722
0.081133,"12,64,16,4096,2,1,0,0,0",0.016265,4.9882,89.0041,0.831211
0.0690278,"12,64,16,4096,2,2,0,0,0",0.013212,5.22463,92.6468,0.827713
0.128485,"12,64,16,4096,32,1,0,0,0",0.016252,7.90582,131.471,0.791329
1.79769e+308,"12,64,16,4096,32,16,0,0,0",1.79769e+308,12.2032,186.111,0.742816
0.100534,"12,64,16,4096,32,2,0,0,0",0.012301,8.17284,135.114,0.787999
0.15336,"12,64,16,4096,32,32,0,0,0",0.008753,17.5209,244.394,0.694343
0.0900349,"12,64,16,4096,32,4,0,0,0",0.010331,8.71503,142.399,0.781379
0.0922578,"12,64,16,4096,32,8,0,0,0",0.009383,9.83244,156.97,0.768308
0.0839114,"12,64,16,4096,4,1,0,0,0",0.016225,5.17173,91.8352,0.828491
0.0666531,"12,64,16,4096,4,2,0,0,0",0.01232,5.41015,95.4779,0.825004
0.0637865,"12,64,16,4096,4,4,0,0,0",0.010821,5.8947,102.763,0.818074
1.79769e+308,"12,64,16,4096,64,1,0,0,0",1.79769e+308,11.423,176.769,0.750895
1.79769e+308,"12,64,16,4096,64,16,0,0,0",1.79769e+308,16.2667,231.409,0.704861
0.144686,"12,64,16,4096,64,2,0,0,0",0.01234,11.7249,180.412,0.747734
0.196381,"12,64,16,4096,64,32,0,0,0",0.008835,22.2276,289.692,0.658864
0.127903,"12,64,16,4096,64,4,0,0,0",0.010367,12.3375,187.697,0.741454
1.79769e+308,"12,64,16,4096,64,64,0,0,0",1.79769e+308,36.9778,406.258,0.57568
0.127566,"12,64,16,4096,64,8,0,0,0",0.009381,13.5983,202.268,0.72905
0.0899534,"12,64,16,4096,8,1,0,0,0",0.016227,5.54344,97.4975,0.823077
0.0710734,"12,64,16,4096,8,2,0,0,0",0.012284,5.78585,101.14,0.819613
0.0650446,"12,64,16,4096,8,4,0,0,0",0.01036,6.27844,108.426,0.812729
0.0702364,"12,64,16,4096,8,8,0,0,0",0.009628,7.29501,122.996,0.799132
0.0586067,"12,8,16,4096,1,1,0,0,0",0.018124,3.23365,62.0736,0.880081
0.0737258,"12,8,16,4096,16,1,0,0,0",0.016365,4.50509,83.307,0.858708
0.115344,"12,8,16,4096,16,16,0,0,0",0.014122,8.16771,137.947,0.806065
0.0594477,"12,8,16,4096,16,2,0,0,0",0.012564,4.73159,86.9497,0.855094
0.0667902,"12,8,16,4096,16,4,0,0,0",0.012864,5.19203,94.235,0.847912
0.0816151,"12,8,16,4096,16,8,0,0,0",0.013286,6.14294,108.806,0.833727
0.0543565,"12,8,16,4096,2,1,0,0,0",0.016393,3.31584,63.4891,0.87864
0.047077,"12,8,16,4096,2,2,0,0,0",0.01334,3.52901,67.1318,0.874942
0.16561,"12,8,16,4096,32,1,0,0,0",0.027816,5.95378,105.956,0.836482
0.332955,"12,8,16,4096,32,16,0,0,0",0.033774,9.85833,160.596,0.785201
0.177951,"12,8,16,4096,32,2,0,0,0",0.028721,6.19585,109.599,0.832962
0.509906,"12,8,16,4096,32,32,0,0,0",0.034668,14.7083,218.879,0.733962
0.202655,"12,8,16,4096,32,4,0,0,0",0.030303,6.68763,116.884,0.825965
0.245214,"12,8,16,4096,32,8,0,0,0",0.031837,7.70216,131.455,0.812147
0.0569298,"12,8,16,4096,4,1,0,0,0",0.016353,3.48131,66.3202,0.875765
0.0460087,"12,8,16,4096,4,2,0,0,0",0.012447,3.69637,69.9629,0.872079
0.0452612,"12,8,16,4096,4,4,0,0,0",0.010949,4.13382,77.2483,0.864753
0.567982,"12,8,16,4096,64,1,0,0,0",0.062086,9.14831,151.254,0.793741
0.863069,"12,8,16,4096,64,16,0,0,0",0.063634,13.563,205.894,0.74508
0.607719,"12,8,16,4096,64,2,0,0,0",0.064493,9.42303,154.897,0.7904
1.20696,"12,8,16,4096,64,32,0,0,0",0.063484,19.012,264.177,0.696459
0.64992,"12,8,16,4096,64,4,0,0,0",0.065118,9.98065,162.182,0.783761
1.79769e+308,"12,8,16,4096,64,64,0,0,0",1.79769e+308,32.5411,380.743,0.608528
0.71823,"12,8,16,4096,64,8,0,0,0",0.064536,11.1291,176.753,0.770649
0.0624214,"12,8,16,4096,8,1,0,0,0",0.016355,3.81666,71.9825,0.870042
0.0501776,"12,8,16,4096,8,2,0,0,0",0.012434,4.03552,75.6252,0.86638
0.0480229,"12,8,16,4096,8,4,0,0,0",0.010718,4.48059,82.9105,0.859103
0.0554459,"12,8,16,4096,8,8,0,0,0",0.010267,5.4004,97.4813,0.844731
0.052013,"16,16,16,4096,1,1,0,0,0",0.013307,3.90869,72.9581,0.861575
0.070608,"16,16,16,4096,16,1,0,0,0",0.012398,5.69511,101.269,0.83379
0.0983055,"16,16,16,4096,16,16,0,0,0",0.008926,11.0134,174.123,0.766342
0.0625633,"16,16,16,4096,16,2,0,0,0",0.010398,6.01686,106.126,0.829115
0.0627557,"16,16,16,4096,16,4,0,0,0",0.009403,6.67401,115.84,0.819842
0.072121,"16,16,16,4096,16,8,0,0,0",0.008966,8.04383,135.268,0.801606
0.0498987,"16,16,16,4096,2,1,0,0,0",0.012403,4.02311,74.8455,0.859694
0.0470427,"16,16,16,4096,2,2,0,0,0",0.010888,4.3206,79.7024,0.854873
0.0965736,"16,16,16,4096,32,1,0,0,0",0.012429,7.77002,131.468,0.80514
0.17291,"16,16,16,4096,32,16,0,0,0",0.012767,13.5435,204.322,0.740009
0.0930775,"16,16,16,4096,32,2,0,0,0",0.011462,8.12053,136.325,0.800625
0.286163,"16,16,16,4096,32,32,0,0,0",0.013609,21.0275,282.032,0.676333
0.0992262,"16,16,16,4096,32,4,0,0,0",0.01123,8.83582,146.039,0.791671
0.123265,"16,16,16,4096,32,8,0,0,0",0.011939,10.3245,165.466,0.774062
0.052685,"16,16,16,4096,4,1,0,0,0",0.012385,4.25394,78.6203,0.855945
0.0474524,"16,16,16,4096,4,2,0,0,0",0.010418,4.55485,83.4772,0.851145
0.0500297,"16,16,16,4096,4,4,0,0,0",0.009677,5.16996,93.1911,0.841626
0.317754,"16,16,16,4096,64,1,0,0,0",0.02547,12.4756,191.865,0.75076
0.63743,"16,16,16,4096,64,16,0,0,0",0.033144,19.2321,264.719,0.690028
0.35568,"16,16,16,4096,64,2,0,0,0",0.027598,12.8879,196.722,0.74655
0.974339,"16,16,16,4096,64,32,0,0,0",0.034904,27.9148,342.43,0.630652
0.406632,"16,16,16,4096,64,4,0,0,0",0.02962,13.7283,206.436,0.7382
1.79769e+308,"16,16,16,4096,64,64,0,0,0",1.79769e+308,50.7954,497.851,0.526789
0.487259,"16,16,16,4096,64,8,0,0,0",0.03149,15.4735,225.864,0.72178
0.0584968,"16,16,16,4096,8,1,0,0,0",0.012384,4.72358,86.17,0.848496
0.0523615,"16,16,16,4096,8,2,0,0,0",0.010407,5.03138,91.0269,0.843737
0.0534396,"16,16,16,4096,8,4,0,0,0",0.009441,5.66037,100.741,0.834301
0.0632776,"16,16,16,4096,8,8,0,0,0",0.009075,6.97274,120.168,0.815743
0.0603757,"16,32,16,4096,1,1,0,0,0",0.01327,4.54979,82.6781,0.843553
0.079179,"16,32,16,4096,16,1,0,0,0",0.012359,6.40658,110.989,0.816349
0.104269,"16,32,16,4096,16,16,0,0,0",0.008745,11.9233,183.843,0.750312
0.0698408,"16,32,16,4096,16,2,0,0,0",0.010361,6.74074,115.846,0.811772
0.0695093,"16,32,16,4096,16,4,0,0,0",0.009364,7.42303,125.56,0.802693
0.0787249,"16,32,16,4096,16,8,0,0,0",0.008901,8.8445,144.988,0.784838
0.0577297,"16,32,16,4096,2,1,0,0,0",0.012365,4.6688,84.5655,0.841712
0.0540181,"16,32,16,4096,2,2,0,0,0",0.010851,4.97817,89.4224,0.836991
1.79769e+308,"16,32,16,4096,32,1,0,0,0",1.79769e+308,8.56044,141.188,0.788299
1.79769e+308,"16,32,16,4096,32,16,0,0,0",1.79769e+308,14.5442,214.042,0.72453
0.0926942,"16,32,16,4096,32,2,0,0,0",0.010387,8.92406,146.045,0.783878
0.198011,"16,32,16,4096,32,32,0,0,0",0.008884,22.2885,291.752,0.662186
0.0907632,"16,32,16,4096,32,4,0,0,0",0.00939,9.66594,155.759,0.775111
0.0998082,"16,32,16,4096,32,8,0,0,0",0.008904,11.2094,175.186,0.75787
0.0606146,"16,32,16,4096,4,1,0,0,0",0.012348,4.90886,88.3403,0.838041
0.0542067,"16,32,16,4096,4,2,0,0,0",0.010381,5.22172,93.1972,0.833341
0.0565002,"16,32,16,4096,4,4,0,0,0",0.00964,5.86102,102.911,0.824021
1.79769e+308,"16,32,16,4096,64,1,0,0,0",1.79769e+308,13.4382,201.585,0.735055
1.79769e+308,"16,32,16,4096,64,16,0,0,0",1.79769e+308,20.4316,274.439,0.675594
0.153904,"16,32,16,4096,64,2,0,0,0",0.0111,13.8652,206.442,0.730933
0.392216,"16,32,16,4096,64,32,0,0,0",0.013337,29.4081,352.15,0.617461
0.157213,"16,32,16,4096,64,4,0,0,0",0.010669,14.7355,216.156,0.722759
1.79769e+308,"16,32,16,4096,64,64,0,0,0",1.79769e+308,53.0308,507.571,0.51577
0.191477,"16,32,16,4096,64,8,0,0,0",0.011575,16.5423,235.584,0.706682
0.0666382,"16,32,16,4096,8,1,0,0,0",0.012347,5.39712,95.89,0.830747
0.0592854,"16,32,16,4096,8,2,0,0,0",0.01037,5.71701,100.747,0.826088
0.0599018,"16,32,16,4096,8,4,0,0,0",0.009403,6.3705,110.461,0.816849
0.0698918,"16,32,16,4096,8,8,0,0,0",0.009038,7.73311,129.888,0.79868
0.0785597,"16,64,16,4096,1,1,0,0,0",0.013261,5.92412,102.118,0.808632
0.0979103,"16,64,16,4096,16,1,0,0,0",0.012351,7.92731,130.429,0.782554
0.121078,"16,64,16,4096,16,16,0,0,0",0.008737,13.8581,203.283,0.719251
0.0857987,"16,64,16,4096,16,2,0,0,0",0.010353,8.28733,135.286,0.778166
0.0844012,"16,64,16,4096,16,4,0,0,0",0.009355,9.02204,145,0.769463
0.0938219,"16,64,16,4096,16,8,0,0,0",0.008892,10.5513,164.428,0.752348
0.0747929,"16,64,16,4096,2,1,0,0,0",0.012357,6.05267,104.005,0.806867
0.0692386,"16,64,16,4096,2,2,0,0,0",0.010841,6.38674,108.862,0.802342
1.79769e+308,"16,64,16,4096,32,1,0,0,0",1.79769e+308,10.2458,160.628,0.755665
1.79769e+308,"16,64,16,4096,32,16,0,0,0",1.79769e+308,16.6688,233.482,0.694536
0.1104,"16,64,16,4096,32,2,0,0,0",0.010379,10.6368,165.485,0.751427
0.214908,"16,64,16,4096,32,32,0,0,0",0.008611,24.9574,311.192,0.634773
0.107276,"16,64,16,4096,32,4,0,0,0",0.009382,11.4342,175.199,0.743023
0.116413,"16,64,16,4096,32,8,0,0,0",0.008892,13.0919,194.626,0.726496
0.0778889,"16,64,16,4096,4,1,0,0,0",0.01234,6.31191,107.78,0.803348
0.0689698,"16,64,16,4096,4,2,0,0,0",0.010372,6.64962,112.637,0.798843
0.0706842,"16,64,16,4096,4,4,0,0,0",0.009631,7.33923,122.351,0.789908
1.79769e+308,"16,64,16,4096,64,1,0,0,0",1.79769e+308,15.4831,221.025,0.704626
1.79769e+308,"16,64,16,4096,64,16,0,0,0",1.79769e+308,22.9718,293.879,0.647626
0.16636,"16,64,16,4096,64,2,0,0,0",0.010436,15.941,225.882,0.700674
0.285831,"16,64,16,4096,64,32,0,0,0",0.008778,32.5623,371.59,0.591899
0.159221,"16,64,16,4096,64,4,0,0,0",0.009436,16.8738,235.596,0.692838
1.79769e+308,"16,64,16,4096,64,64,0,0,0",1.79769e+308,57.7352,527.011,0.494418
0.168212,"16,64,16,4096,64,8,0,0,0",0.008943,18.8094,255.024,0.677427
0.0843849,"16,64,16,4096,8,1,0,0,0",0.012339,6.83888,115.33,0.796356
0.0744328,"16,64,16,4096,8,2,0,0,0",0.010361,7.18394,120.187,0.79189
0.0741039,"16,64,16,4096,8,4,0,0,0",0.009394,7.88843,129.901,0.783034
0.0844734,"16,64,16,4096,8,8,0,0,0",0.009029,9.35579,149.328,0.765616
0.0481476,"16,8,16,4096,1,1,0,0,0",0.013377,3.59928,68.0981,0.87073
0.0667826,"16,8,16,4096,16,1,0,0,0",0.01248,5.35117,96.4093,0.84265
0.137736,"16,8,16,4096,16,16,0,0,0",0.013028,10.5723,169.263,0.774485
0.0682797,"16,8,16,4096,16,2,0,0,0",0.012049,5.66683,101.266,0.837925
0.0761124,"16,8,16,4096,16,4,0,0,0",0.012059,6.31166,110.98,0.828553
0.0982213,"16,8,16,4096,16,8,0,0,0",0.012829,7.65619,130.408,0.810124
0.0462965,"16,8,16,4096,2,1,0,0,0",0.012474,3.71144,69.9855,0.868829
0.0438699,"16,8,16,4096,2,2,0,0,0",0.010959,4.00309,74.8424,0.863957
0.209374,"16,8,16,4096,32,1,0,0,0",0.028342,7.3874,126.608,0.813696
0.452893,"16,8,16,4096,32,16,0,0,0",0.034683,13.0581,199.462,0.747873
0.231976,"16,8,16,4096,32,2,0,0,0",0.030004,7.73149,131.465,0.809133
0.739172,"16,8,16,4096,32,32,0,0,0",0.036208,20.4146,277.172,0.68352
0.266701,"16,8,16,4096,32,4,0,0,0",0.031623,8.43376,141.179,0.800083
0.327113,"16,8,16,4096,32,8,0,0,0",0.033056,9.89573,160.606,0.782287
0.0490485,"16,8,16,4096,4,1,0,0,0",0.012456,3.93774,73.7603,0.86504
0.0443976,"16,8,16,4096,4,2,0,0,0",0.010489,4.23278,78.6172,0.860189
0.0471367,"16,8,16,4096,4,4,0,0,0",0.009747,4.83602,88.3311,0.850569
0.743582,"16,8,16,4096,64,1,0,0,0",0.06192,12.0088,187.005,0.758737
1.19041,"16,8,16,4096,64,16,0,0,0",0.063831,18.6494,259.859,0.69736
0.801388,"16,8,16,4096,64,2,0,0,0",0.064556,12.4138,191.862,0.754482
1.72934,"16,8,16,4096,64,32,0,0,0",0.063606,27.1884,337.57,0.637354
0.861301,"16,8,16,4096,64,4,0,0,0",0.065055,13.2396,201.576,0.746044
1.79769e+308,"16,8,16,4096,64,64,0,0,0",1.79769e+308,49.7059,492.991,0.532387
0.966293,"16,8,16,4096,64,8,0,0,0",0.064615,14.9546,221.004,0.72945
0.0547801,"16,8,16,4096,8,1,0,0,0",0.012455,4.39824,81.31,0.857512
0.0492664,"16,8,16,4096,8,2,0,0,0",0.010482,4.7001,86.1669,0.852703
0.0513577,"16,8,16,4096,8,4,0,0,0",0.009659,5.31709,95.8807,0.843166
0.0640273,"16,8,16,4096,8,8,0,0,0",0.009694,6.60484,115.308,0.824411
0.11277,"2,16,16,4096,1,1,0,0,0",0.047092,2.39467,47.6198,0.902708
0.103902,"2,16,16,4096,16,1,0,0,0",0.04012,2.58977,51.1587,0.899017
0.044474,"2,16,16,4096,16,16,0,0,0",0.014336,3.10226,60.2654,0.889587
0.0636217,"2,16,16,4096,16,2,0,0,0",0.024251,2.62347,51.7658,0.898385
0.0440769,"2,16,16,4096,16,4,0,0,0",0.016379,2.69106,52.98,0.897123
0.0373059,"2,16,16,4096,16,8,0,0,0",0.013196,2.82706,55.4085,0.894604
0.0969397,"2,16,16,4096,2,1,0,0,0",0.040264,2.4076,47.8557,0.902462
0.0680363,"2,16,16,4096,2,2,0,0,0",0.027873,2.44094,48.4628,0.901828
0.112357,"2,16,16,4096,32,1,0,0,0",0.040122,2.80038,54.9335,0.895096
0.0476755,"2,16,16,4096,32,16,0,0,0",0.014364,3.3191,64.0402,0.885708
0.0687393,"2,16,16,4096,32,2,0,0,0",0.024251,2.83449,55.5406,0.894467
0.0596107,"2,16,16,4096,32,32,0,0,0",0.015328,3.889,73.754,0.875802
0.0473756,"2,16,16,4096,32,4,0,0,0",0.01632,2.90292,56.7548,0.893211
0.0431336,"2,16,16,4096,32,8,0,0,0",0.014186,3.04058,59.1833,0.890703
0.0976371,"2,16,16,4096,4,1,0,0,0",0.040122,2.43351,48.3275,0.901969
0.0602563,"2,16,16,4096,4,2,0,0,0",0.024426,2.46689,48.9347,0.901335
0.0462735,"2,16,16,4096,4,4,0,0,0",0.018262,2.53387,50.1489,0.900069
0.129823,"2,16,16,4096,64,1,0,0,0",0.040201,3.22934,62.4832,0.887306
0.15974,"2,16,16,4096,64,16,0,0,0",0.042478,3.76055,71.5899,0.877999
0.108737,"2,16,16,4096,64,2,0,0,0",0.033311,3.26429,63.0903,0.886682
0.199,"2,16,16,4096,64,32,0,0,0",0.045812,4.34384,81.3037,0.868179
0.116176,"2,16,16,4096,64,4,0,0,0",0.034842,3.33438,64.3045,0.885437
1.79769e+308,"2,16,16,4096,64,64,0,0,0",1.79769e+308,5.56269,100.731,0.848868
0.135091,"2,16,16,4096,64,8,0,0,0",0.038871,3.47536,66.733,0.882951
0.0997106,"2,16,16,4096,8,1,0,0,0",0.040118,2.48543,49.2712,0.900984
0.0612048,"2,16,16,4096,8,2,0,0,0",0.024298,2.51892,49.8784,0.900351
0.0427587,"2,16,16,4096,8,4,0,0,0",0.016534,2.5861,51.0926,0.899086
0.0366392,"2,16,16,4096,8,8,0,0,0",0.013464,2.72127,53.521,0.896561
0.115964,"2,32,16,4096,1,1,0,0,0",0.047055,2.46444,48.8348,0.900326
0.106643,"2,32,16,4096,16,1,0,0,0",0.040083,2.66056,52.3737,0.896645
0.0349993,"2,32,16,4096,16,16,0,0,0",0.011021,3.17569,61.4804,0.88724
0.065235,"2,32,16,4096,16,2,0,0,0",0.024211,2.69443,52.9808,0.896014
0.0453445,"2,32,16,4096,16,4,0,0,0",0.016415,2.76238,54.195,0.894756
0.0363864,"2,32,16,4096,16,8,0,0,0",0.012551,2.89908,56.6235,0.892243
0.0996601,"2,32,16,4096,2,1,0,0,0",0.040227,2.47744,49.0707,0.90008
0.0698924,"2,32,16,4096,2,2,0,0,0",0.027835,2.51095,49.6778,0.899448
0.115135,"2,32,16,4096,32,1,0,0,0",0.040085,2.87226,56.1485,0.892734
1.79769e+308,"2,32,16,4096,32,16,0,0,0",1.79769e+308,3.39363,65.2552,0.88337
0.0703793,"2,32,16,4096,32,2,0,0,0",0.024214,2.90655,56.7556,0.892107
0.0390452,"2,32,16,4096,32,32,0,0,0",0.009844,3.9664,74.969,0.873491
0.0485247,"2,32,16,4096,32,4,0,0,0",0.016309,2.97533,57.9698,0.890853
0.0388963,"2,32,16,4096,32,8,0,0,0",0.012492,3.11369,60.3983,0.888352
0.100352,"2,32,16,4096,4,1,0,0,0",0.040085,2.50348,49.5425,0.899589
0.0618734,"2,32,16,4096,4,2,0,0,0",0.024388,2.53704,50.1497,0.898956
0.0474646,"2,32,16,4096,4,4,0,0,0",0.018225,2.60437,51.3639,0.897693
1.79769e+308,"2,32,16,4096,64,1,0,0,0",1.79769e+308,3.30342,63.6982,0.884964
1.79769e+308,"2,32,16,4096,64,16,0,0,0",1.79769e+308,3.8373,72.8049,0.875682
0.0808629,"2,32,16,4096,64,2,0,0,0",0.024221,3.33854,64.3053,0.884343
0.0630744,"2,32,16,4096,64,32,0,0,0",0.014259,4.42348,82.5187,0.865888
0.0555154,"2,32,16,4096,64,4,0,0,0",0.016285,3.40899,65.5195,0.8831
1.79769e+308,"2,32,16,4096,64,64,0,0,0",1.79769e+308,5.64823,101.946,0.846628
0.0462335,"2,32,16,4096,64,8,0,0,0",0.013021,3.55068,67.948,0.88062
0.102434,"2,32,16,4096,8,1,0,0,0",0.040081,2.55568,50.4862,0.898606
0.0628175,"2,32,16,4096,8,2,0,0,0",0.02426,2.58935,51.0934,0.897975
0.0438252,"2,32,16,4096,8,4,0,0,0",0.016495,2.65688,52.3076,0.896713
0.0374814,"2,32,16,4096,8,8,0,0,0",0.013421,2.79275,54.736,0.894195
0.122569,"2,64,16,4096,1,1,0,0,0",0.047046,2.60529,51.2648,0.89558
0.112346,"2,64,16,4096,16,1,0,0,0",0.040074,2.80346,54.8037,0.891918
0.0366027,"2,64,16,4096,16,16,0,0,0",0.011012,3.3239,63.9104,0.882563
0.0686806,"2,64,16,4096,16,2,0,0,0",0.024203,2.83769,55.4108,0.891292
0.0476815,"2,64,16,4096,16,4,0,0,0",0.016406,2.90634,56.625,0.890039
0.0381835,"2,64,16,4096,16,8,0,0,0",0.012542,3.04445,59.0535,0.88754
0.105308,"2,64,16,4096,2,1,0,0,0",0.040218,2.61843,51.5007,0.895336
0.0738027,"2,64,16,4096,2,2,0,0,0",0.027826,2.65229,52.1078,0.894707
1.79769e+308,"2,64,16,4096,32,1,0,0,0",1.79769e+308,3.01736,58.5785,0.888029
1.79769e+308,"2,64,16,4096,32,16,0,0,0",1.79769e+308,3.54405,67.6852,0.878714
0.0738767,"2,64,16,4096,32,2,0,0,0",0.024206,3.052,59.1856,0.887405
0.0404546,"2,64,16,4096,32,32,0,0,0",0.009813,4.12255,77.399,0.868887
0.0508802,"2,64,16,4096,32,4,0,0,0",0.0163,3.12149,60.3998,0.886158
0.0407136,"2,64,16,4096,32,8,0,0,0",0.012484,3.26127,62.8283,0.88367
0.105991,"2,64,16,4096,4,1,0,0,0",0.040076,2.64474,51.9725,0.894847
0.0653057,"2,64,16,4096,4,2,0,0,0",0.02438,2.67866,52.5797,0.894218
0.0500336,"2,64,16,4096,4,4,0,0,0",0.018216,2.74669,53.7939,0.892962
1.79769e+308,"2,64,16,4096,64,1,0,0,0",1.79769e+308,3.45292,66.1282,0.8803
1.79769e+308,"2,64,16,4096,64,16,0,0,0",1.79769e+308,3.99217,75.2349,0.871066
0.0844577,"2,64,16,4096,64,2,0,0,0",0.024211,3.4884,66.7353,0.879681
0.0481657,"2,64,16,4096,64,32,0,0,0",0.010507,4.58415,84.9487,0.861324
0.0579354,"2,64,16,4096,64,4,0,0,0",0.016276,3.55956,67.9495,0.878445
1.79769e+308,"2,64,16,4096,64,64,0,0,0",1.79769e+308,5.82076,104.376,0.842166
0.0455763,"2,64,16,4096,64,8,0,0,0",0.012309,3.70268,70.378,0.875979
0.108096,"2,64,16,4096,8,1,0,0,0",0.040073,2.69749,52.9162,0.89387
0.0662418,"2,64,16,4096,8,2,0,0,0",0.024251,2.73151,53.5234,0.893241
0.0461594,"2,64,16,4096,8,4,0,0,0",0.016487,2.79974,54.7376,0.891987
0.0393913,"2,64,16,4096,8,8,0,0,0",0.013412,2.93702,57.166,0.889482
0.111288,"2,8,16,4096,1,1,0,0,0",0.047157,2.35995,47.0123,0.903902
0.102669,"2,8,16,4096,16,1,0,0,0",0.040191,2.55454,50.5512,0.900206
0.0587727,"2,8,16,4096,16,16,0,0,0",0.019171,3.06571,59.6579,0.890763
0.0629748,"2,8,16,4096,16,2,0,0,0",0.024332,2.58815,51.1583,0.899573
0.0499061,"2,8,16,4096,16,4,0,0,0",0.018793,2.65557,52.3725,0.898309
0.0515705,"2,8,16,4096,16,8,0,0,0",0.018476,2.79121,54.801,0.895787
0.0956969,"2,8,16,4096,2,1,0,0,0",0.04033,2.37285,47.2482,0.903655
0.0672215,"2,8,16,4096,2,2,0,0,0",0.027938,2.40609,47.8553,0.90302
0.113006,"2,8,16,4096,32,1,0,0,0",0.040876,2.7646,54.326,0.89628
0.149728,"2,8,16,4096,32,16,0,0,0",0.045621,3.282,63.4327,0.886879
0.0970844,"2,8,16,4096,32,2,0,0,0",0.03469,2.79863,54.9331,0.89565
0.197526,"2,8,16,4096,32,32,0,0,0",0.051299,3.85048,73.1465,0.87696
0.104452,"2,8,16,4096,32,4,0,0,0",0.036434,2.86688,56.1473,0.894391
0.119693,"2,8,16,4096,32,8,0,0,0",0.039842,3.00418,58.5758,0.89188
0.0964054,"2,8,16,4096,4,1,0,0,0",0.040191,2.39868,47.72,0.903161
0.0595592,"2,8,16,4096,4,2,0,0,0",0.02449,2.43198,48.3272,0.902527
0.0457977,"2,8,16,4096,4,4,0,0,0",0.018328,2.49878,49.5414,0.901259
0.236169,"2,8,16,4096,64,1,0,0,0",0.073977,3.19247,61.8757,0.888479
0.29207,"2,8,16,4096,64,16,0,0,0",0.078464,3.72234,70.9824,0.87916
0.245138,"2,8,16,4096,64,2,0,0,0",0.075957,3.22733,62.4828,0.887855
0.342158,"2,8,16,4096,64,32,0,0,0",0.079494,4.3042,80.6962,0.869327
0.25457,"2,8,16,4096,64,4,0,0,0",0.077207,3.29724,63.697,0.886607
1.79769e+308,"2,8,16,4096,64,64,0,0,0",1.79769e+308,5.5201,100.124,0.849991
0.268057,"2,8,16,4096,64,8,0,0,0",0.077972,3.43787,66.1255,0.884118
0.098482,"2,8,16,4096,8,1,0,0,0",0.040189,2.45047,48.6637,0.902175
0.0606115,"2,8,16,4096,8,2,0,0,0",0.024402,2.48388,49.2709,0.901541
0.0439287,"2,8,16,4096,8,4,0,0,0",0.017221,2.55088,50.4851,0.900274
0.0398423,"2,8,16,4096,8,8,0,0,0",0.014835,2.6857,52.9135,0.897747
0.0577813,"20,16,16,4096,1,1,0,0,0",0.013214,4.37273,80.1976,0.850171
0.0825499,"20,16,16,4096,16,1,0,0,0",0.01234,6.68962,115.587,0.816039
0.124464,"20,16,16,4096,16,16,0,0,0",0.009009,13.8155,206.654,0.734375
0.0737742,"20,16,16,4096,16,2,0,0,0",0.010374,7.11145,121.658,0.810323
0.0749365,"20,16,16,4096,16,4,0,0,0",0.009394,7.97706,133.8,0.79901
0.0881914,"20,16,16,4096,16,8,0,0,0",0.009001,9.79796,158.085,0.776857
0.0557198,"20,16,16,4096,2,1,0,0,0",0.012328,4.51977,82.5569,0.847852
0.0531139,"20,16,16,4096,2,2,0,0,0",0.010833,4.90297,88.628,0.841913
0.117026,"20,16,16,4096,32,1,0,0,0",0.012407,9.43226,153.335,0.781141
0.230522,"20,16,16,4096,32,16,0,0,0",0.01332,17.3065,244.402,0.702969
0.111876,"20,16,16,4096,32,2,0,0,0",0.0113,9.90054,159.406,0.775669
0.391912,"20,16,16,4096,32,32,0,0,0",0.014025,27.9438,341.54,0.628189
0.123591,"20,16,16,4096,32,4,0,0,0",0.01138,10.8604,171.548,0.76484
0.16236,"20,16,16,4096,32,8,0,0,0",0.01261,12.8755,195.833,0.743634
0.0593695,"20,16,16,4096,4,1,0,0,0",0.012325,4.81699,87.2754,0.843232
0.0540811,"20,16,16,4096,4,2,0,0,0",0.010389,5.20562,93.3465,0.837325
0.0579084,"20,16,16,4096,4,4,0,0,0",0.009645,6.00398,105.489,0.825636
0.402624,"20,16,16,4096,64,1,0,0,0",0.025441,15.8258,228.832,0.715758
0.850727,"20,16,16,4096,64,16,0,0,0",0.033555,25.3532,319.899,0.644129
0.451339,"20,16,16,4096,64,2,0,0,0",0.027527,16.3962,234.903,0.710744
1.3482,"20,16,16,4096,64,32,0,0,0",0.035403,38.0814,417.037,0.575609
0.52329,"20,16,16,4096,64,4,0,0,0",0.029794,17.5636,247.045,0.700821
1.79769e+308,"20,16,16,4096,64,64,0,0,0",1.79769e+308,73.6007,611.313,0.459659
0.638372,"20,16,16,4096,64,8,0,0,0",0.031907,20.0073,271.33,0.68139
0.066852,"20,16,16,4096,8,1,0,0,0",0.012325,5.4241,96.7125,0.834069
0.0604437,"20,16,16,4096,8,2,0,0,0",0.010379,5.82366,102.784,0.828226
0.0626011,"20,16,16,4096,8,4,0,0,0",0.009422,6.64414,114.926,0.816664
0.0758446,"20,16,16,4096,8,8,0,0,0",0.009059,8.37229,139.21,0.794021
0.0685669,"20,32,16,4096,1,1,0,0,0",0.013173,5.20511,92.3476,0.828
0.093932,"20,32,16,4096,16,1,0,0,0",0.012303,7.63489,127.737,0.794758
0.131899,"20,32,16,4096,16,16,0,0,0",0.008742,15.088,218.804,0.715224
0.0834899,"20,32,16,4096,16,2,0,0,0",0.010337,8.07681,133.808,0.789191
0.0840564,"20,32,16,4096,16,4,0,0,0",0.009357,8.98327,145.95,0.778173
0.0968555,"20,32,16,4096,16,8,0,0,0",0.008895,10.8888,170.235,0.756598
0.0659697,"20,32,16,4096,2,1,0,0,0",0.012309,5.35947,94.7069,0.825741
0.0621795,"20,32,16,4096,2,2,0,0,0",0.010792,5.76163,100.778,0.819957
1.79769e+308,"20,32,16,4096,32,1,0,0,0",1.79769e+308,10.5062,165.485,0.76077
1.79769e+308,"20,32,16,4096,32,16,0,0,0",1.79769e+308,18.7328,256.552,0.684637
0.11404,"20,32,16,4096,32,2,0,0,0",0.010371,10.9961,171.556,0.755441
0.298416,"20,32,16,4096,32,32,0,0,0",0.010006,29.8237,353.69,0.611807
0.112703,"20,32,16,4096,32,4,0,0,0",0.009392,11.9998,183.698,0.744894
0.126756,"20,32,16,4096,32,8,0,0,0",0.008986,14.106,207.983,0.724241
0.0697074,"20,32,16,4096,4,1,0,0,0",0.012291,5.67142,99.4254,0.821242
0.062907,"20,32,16,4096,4,2,0,0,0",0.010348,6.07915,105.497,0.815489
0.0664244,"20,32,16,4096,4,4,0,0,0",0.009604,6.91633,117.639,0.804105
1.79769e+308,"20,32,16,4096,64,1,0,0,0",1.79769e+308,17.1873,240.982,0.697092
1.79769e+308,"20,32,16,4096,64,16,0,0,0",1.79769e+308,27.1243,332.049,0.627331
0.195201,"20,32,16,4096,64,2,0,0,0",0.010977,17.7827,247.053,0.692209
0.52885,"20,32,16,4096,64,32,0,0,0",0.013097,40.3795,429.187,0.560598
0.2043,"20,32,16,4096,64,4,0,0,0",0.010752,19.0011,259.195,0.682545
1.79769e+308,"20,32,16,4096,64,64,0,0,0",1.79769e+308,77.3059,623.463,0.447672
0.249772,"20,32,16,4096,64,8,0,0,0",0.01159,21.5506,283.48,0.663621
0.0775165,"20,32,16,4096,8,1,0,0,0",0.012288,6.30831,108.862,0.812317
0.0695669,"20,32,16,4096,8,2,0,0,0",0.010341,6.72729,114.934,0.806627
0.0711911,"20,32,16,4096,8,4,0,0,0",0.009383,7.58724,127.076,0.795366
0.0847422,"20,32,16,4096,8,8,0,0,0",0.009018,9.39701,151.36,0.773314
0.0923386,"20,64,16,4096,1,1,0,0,0",0.013157,7.01821,116.648,0.785377
0.119026,"20,64,16,4096,16,1,0,0,0",0.012289,9.68558,152.037,0.753847
0.155617,"20,64,16,4096,16,16,0,0,0",0.008728,17.8296,243.104,0.678407
0.104983,"20,64,16,4096,16,2,0,0,0",0.010323,10.1698,158.108,0.748566
0.104291,"20,64,16,4096,16,4,0,0,0",0.009343,11.1625,170.25,0.738116
0.117643,"20,64,16,4096,16,8,0,0,0",0.008881,13.2465,194.535,0.71765
0.0884332,"20,64,16,4096,2,1,0,0,0",0.012303,7.18794,119.007,0.783235
0.0822205,"20,64,16,4096,2,2,0,0,0",0.010776,7.62996,125.078,0.777748
1.79769e+308,"20,64,16,4096,32,1,0,0,0",1.79769e+308,12.8284,189.785,0.721608
1.79769e+308,"20,64,16,4096,32,16,0,0,0",1.79769e+308,21.7995,280.852,0.649394
0.138422,"20,64,16,4096,32,2,0,0,0",0.010358,13.3638,195.856,0.716553
0.292319,"20,64,16,4096,32,32,0,0,0",0.008636,33.8489,377.99,0.580314
0.135595,"20,64,16,4096,32,4,0,0,0",0.009377,14.4604,207.998,0.70655
0.149104,"20,64,16,4096,32,8,0,0,0",0.008897,16.7589,232.283,0.68696
0.092456,"20,64,16,4096,4,1,0,0,0",0.012277,7.53083,123.725,0.778967
0.0824524,"20,64,16,4096,4,2,0,0,0",0.010334,7.97875,129.797,0.773511
0.0853106,"20,64,16,4096,4,4,0,0,0",0.009588,8.89765,141.939,0.762712
1.79769e+308,"20,64,16,4096,64,1,0,0,0",1.79769e+308,20.1169,265.282,0.661208
1.79769e+308,"20,64,16,4096,64,16,0,0,0",1.79769e+308,30.9196,356.349,0.595039
0.216645,"20,64,16,4096,64,2,0,0,0",0.010433,20.7653,271.353,0.656576
0.405102,"20,64,16,4096,64,32,0,0,0",0.008945,45.2881,453.487,0.53174
0.208942,"20,64,16,4096,64,4,0,0,0",0.009458,22.0916,283.495,0.64741
1.79769e+308,"20,64,16,4096,64,64,0,0,0",1.79769e+308,85.1841,647.763,0.424627
0.222987,"20,64,16,4096,64,8,0,0,0",0.008968,24.8647,307.78,0.62946
0.101011,"20,64,16,4096,8,1,0,0,0",0.012273,8.23038,133.162,0.770502
0.0897528,"20,64,16,4096,8,2,0,0,0",0.010328,8.69024,139.234,0.765105
0.0902549,"20,64,16,4096,8,4,0,0,0",0.009369,9.63335,151.376,0.754424
0.104584,"20,64,16,4096,8,8,0,0,0",0.009004,11.6153,175.66,0.733506
0.0528025,"20,8,16,4096,1,1,0,0,0",0.013286,3.9743,74.1226,0.861478
0.0784439,"20,8,16,4096,16,1,0,0,0",0.012579,6.2361,109.512,0.826892
0.195915,"20,8,16,4096,16,16,0,0,0",0.014839,13.2027,200.579,0.744142
0.0812936,"20,8,16,4096,16,2,0,0,0",0.012228,6.64815,115.583,0.8211
0.0940854,"20,8,16,4096,16,4,0,0,0",0.012555,7.49386,127.725,0.809637
0.12204,"20,8,16,4096,16,8,0,0,0",0.01316,9.27358,152.01,0.787189
0.0510602,"20,8,16,4096,2,1,0,0,0",0.0124,4.11776,76.4819,0.859128
0.0489819,"20,8,16,4096,2,2,0,0,0",0.010905,4.49169,82.553,0.85311
0.257719,"20,8,16,4096,32,1,0,0,0",0.028905,8.91608,147.26,0.79153
1.79769e+308,"20,8,16,4096,32,16,0,0,0",1.79769e+308,16.6188,238.327,0.712319
0.286025,"20,8,16,4096,32,2,0,0,0",0.030513,9.37387,153.331,0.785985
0.995693,"20,8,16,4096,32,32,0,0,0",0.036829,27.0356,335.465,0.636544
0.330284,"20,8,16,4096,32,4,0,0,0",0.032028,10.3124,165.473,0.775012
0.413991,"20,8,16,4096,32,8,0,0,0",0.033704,12.2831,189.758,0.753524
0.0546345,"20,8,16,4096,4,1,0,0,0",0.012395,4.40779,81.2004,0.854447
0.050092,"20,8,16,4096,4,2,0,0,0",0.010464,4.78708,87.2715,0.848462
0.0540898,"20,8,16,4096,4,4,0,0,0",0.009717,5.56651,99.4138,0.836617
0.933076,"20,8,16,4096,64,1,0,0,0",0.061509,15.1697,222.757,0.725277
1.56294,"20,8,16,4096,64,16,0,0,0",0.063799,24.4979,313.824,0.652696
1.00942,"20,8,16,4096,64,2,0,0,0",0.06418,15.728,228.828,0.720197
2.35412,"20,8,16,4096,64,32,0,0,0",0.063677,36.9697,410.962,0.583264
1.09493,"20,8,16,4096,64,4,0,0,0",0.064902,16.8705,240.97,0.710142
1.79769e+308,"20,8,16,4096,64,64,0,0,0",1.79769e+308,71.8042,605.238,0.465772
1.24264,"20,8,16,4096,64,8,0,0,0",0.06451,19.2627,265.255,0.690453
0.0619844,"20,8,16,4096,8,1,0,0,0",0.012396,5.00035,90.6375,0.845162
0.0563355,"20,8,16,4096,8,2,0,0,0",0.010451,5.39044,96.7086,0.839241
0.0589882,"20,8,16,4096,8,4,0,0,0",0.009527,6.19169,108.851,0.827525
0.0729223,"20,8,16,4096,8,8,0,0,0",0.009254,7.88008,133.135,0.804581
0.0583435,"3,32,16,4096,32,32,0,0,0",0.011848,4.92433,90.4535,0.856381
0.0723351,"4,16,16,4096,1,1,0,0,0",0.027814,2.60067,51.2395,0.896714
0.0727201,"4,16,16,4096,16,1,0,0,0",0.02425,2.99877,58.3173,0.889395
0.0414926,"4,16,16,4096,16,16,0,0,0",0.010207,4.06511,76.5307,0.870836
0.0500541,"4,16,16,4096,16,2,0,0,0",0.016315,3.06798,59.5316,0.888146
0.0397725,"4,16,16,4096,16,4,0,0,0",0.012401,3.2072,61.96,0.885652
0.0368459,"4,16,16,4096,16,8,0,0,0",0.010561,3.48886,66.8169,0.880686
0.0639263,"4,16,16,4096,2,1,0,0,0",0.024335,2.62693,51.7114,0.896224
0.0490567,"4,16,16,4096,2,2,0,0,0",0.018205,2.69468,52.9256,0.894965
0.0832815,"4,16,16,4096,32,1,0,0,0",0.024256,3.43344,65.867,0.881655
0.0610504,"4,16,16,4096,32,16,0,0,0",0.013492,4.52493,84.0804,0.863257
0.0571974,"4,16,16,4096,32,2,0,0,0",0.016322,3.50432,67.0812,0.880416
0.0953796,"4,16,16,4096,32,32,0,0,0",0.016568,5.75686,103.508,0.844055
0.0463044,"4,16,16,4096,32,4,0,0,0",0.012697,3.64688,69.5097,0.877944
0.050918,"4,16,16,4096,32,8,0,0,0",0.012939,3.93523,74.3666,0.873021
0.0649821,"4,16,16,4096,4,1,0,0,0",0.024251,2.67956,52.6551,0.895245
0.0450869,"4,16,16,4096,4,2,0,0,0",0.01641,2.74752,53.8693,0.893988
0.0386489,"4,16,16,4096,4,4,0,0,0",0.0134,2.88425,56.2978,0.891478
0.126999,"4,16,16,4096,64,1,0,0,0",0.029303,4.33399,80.9663,0.866375
0.187853,"4,16,16,4096,64,16,0,0,0",0.034303,5.47628,99.1797,0.848296
0.125855,"4,16,16,4096,64,2,0,0,0",0.02855,4.40823,82.1806,0.865158
0.250116,"4,16,16,4096,64,32,0,0,0",0.03698,6.76354,118.607,0.829427
0.138991,"4,16,16,4096,64,4,0,0,0",0.030497,4.55752,84.609,0.862729
1.79769e+308,"4,16,16,4096,64,64,0,0,0",1.79769e+308,9.55893,157.463,0.792939
0.158537,"4,16,16,4096,64,8,0,0,0",0.032625,4.85938,89.4659,0.857891
0.0675384,"4,16,16,4096,8,1,0,0,0",0.024248,2.78532,54.5425,0.893291
0.0465923,"4,16,16,4096,8,2,0,0,0",0.016327,2.85369,55.7567,0.892036
0.0373428,"4,16,16,4096,8,4,0,0,0",0.012484,2.99125,58.1852,0.889532
0.035949,"4,16,16,4096,8,8,0,0,0",0.010995,3.26958,63.0421,0.884543
0.0761949,"4,32,16,4096,1,1,0,0,0",0.027777,2.74309,53.6695,0.891987
0.0761573,"4,32,16,4096,16,1,0,0,0",0.024213,3.14531,60.7473,0.884707
0.0411852,"4,32,16,4096,16,16,0,0,0",0.009754,4.22239,78.9607,0.866246
0.0523374,"4,32,16,4096,16,2,0,0,0",0.016278,3.21523,61.9616,0.883465
0.0415054,"4,32,16,4096,16,4,0,0,0",0.012368,3.35587,64.39,0.880984
0.0381076,"4,32,16,4096,16,8,0,0,0",0.010468,3.64039,69.2469,0.876044
0.0672936,"4,32,16,4096,2,1,0,0,0",0.024297,2.76962,54.1414,0.8915
0.0515594,"4,32,16,4096,2,2,0,0,0",0.018167,2.83808,55.3556,0.890248
1.79769e+308,"4,32,16,4096,32,1,0,0,0",1.79769e+308,3.5844,68.297,0.877008
0.0446318,"4,32,16,4096,32,16,0,0,0",0.009523,4.68674,86.5104,0.858707
0.0595342,"4,32,16,4096,32,2,0,0,0",0.016284,3.65599,69.5112,0.875775
0.0551306,"4,32,16,4096,32,32,0,0,0",0.009296,5.93057,105.938,0.839606
0.0468158,"4,32,16,4096,32,4,0,0,0",0.01232,3.79999,71.9397,0.873316
0.0424873,"4,32,16,4096,32,8,0,0,0",0.010385,4.09122,76.7966,0.868419
0.0683514,"4,32,16,4096,4,1,0,0,0",0.024214,2.82281,55.0851,0.890527
0.0473421,"4,32,16,4096,4,2,0,0,0",0.016373,2.89147,56.2993,0.889276
0.0404847,"4,32,16,4096,4,4,0,0,0",0.013363,3.02961,58.7278,0.886779
1.79769e+308,"4,32,16,4096,64,1,0,0,0",1.79769e+308,4.49393,83.3963,0.861808
1.79769e+308,"4,32,16,4096,64,16,0,0,0",1.79769e+308,5.6473,101.61,0.843824
0.0744592,"4,32,16,4096,64,2,0,0,0",0.016297,4.56889,84.6106,0.860598
0.0972759,"4,32,16,4096,64,32,0,0,0",0.014003,6.94679,121.037,0.825055
0.0588351,"4,32,16,4096,64,4,0,0,0",0.012466,4.71965,87.039,0.858181
1.79769e+308,"4,32,16,4096,64,64,0,0,0",1.79769e+308,9.76796,159.893,0.78876
0.0614339,"4,32,16,4096,64,8,0,0,0",0.012227,5.02445,91.8959,0.853369
0.070927,"4,32,16,4096,8,1,0,0,0",0.02421,2.92966,56.9725,0.888583
0.0488495,"4,32,16,4096,8,2,0,0,0",0.01629,2.99874,58.1867,0.887334
0.0390551,"4,32,16,4096,8,4,0,0,0",0.012447,3.13771,60.6152,0.884843
0.0374744,"4,32,16,4096,8,8,0,0,0",0.010961,3.41888,65.4721,0.879881
0.0842272,"4,64,16,4096,1,1,0,0,0",0.027768,3.03325,58.5295,0.882609
0.0833526,"4,64,16,4096,16,1,0,0,0",0.024204,3.44375,65.6073,0.875406
0.0442757,"4,64,16,4096,16,16,0,0,0",0.009747,4.54249,83.8207,0.857138
0.0571907,"4,64,16,4096,16,2,0,0,0",0.01627,3.5151,66.8216,0.874176
0.0452167,"4,64,16,4096,16,4,0,0,0",0.012359,3.65861,69.25,0.871721
0.0413013,"4,64,16,4096,16,8,0,0,0",0.010459,3.94888,74.1069,0.866833
0.0743293,"4,64,16,4096,2,1,0,0,0",0.024288,3.06033,59.0014,0.882127
0.0568383,"4,64,16,4096,2,2,0,0,0",0.018158,3.13021,60.2156,0.880888
1.79769e+308,"4,64,16,4096,32,1,0,0,0",1.79769e+308,3.89176,73.157,0.867787
1.79769e+308,"4,64,16,4096,32,16,0,0,0",1.79769e+308,5.01599,91.3704,0.849678
0.064531,"4,64,16,4096,32,2,0,0,0",0.016276,3.9648,74.3712,0.866567
0.0574534,"4,64,16,4096,32,32,0,0,0",0.009143,6.28387,110.798,0.830778
0.0506436,"4,64,16,4096,32,4,0,0,0",0.012317,4.11168,76.7997,0.864134
0.0458375,"4,64,16,4096,32,8,0,0,0",0.010397,4.40873,81.6566,0.859288
0.0753924,"4,64,16,4096,4,1,0,0,0",0.024206,3.11462,59.9451,0.881164
0.0521145,"4,64,16,4096,4,2,0,0,0",0.016364,3.1847,61.1593,0.879926
0.0444112,"4,64,16,4096,4,4,0,0,0",0.013354,3.32568,63.5878,0.877455
1.79769e+308,"4,64,16,4096,64,1,0,0,0",1.79769e+308,4.81939,88.2563,0.852747
1.79769e+308,"4,64,16,4096,64,16,0,0,0",1.79769e+308,5.99517,106.47,0.834952
0.0797433,"4,64,16,4096,64,2,0,0,0",0.016288,4.89583,89.4706,0.851549
0.0684578,"4,64,16,4096,64,32,0,0,0",0.009353,7.31934,125.897,0.81638
0.0622204,"4,64,16,4096,64,4,0,0,0",0.012322,5.04954,91.899,0.849158
1.79769e+308,"4,64,16,4096,64,64,0,0,0",1.79769e+308,10.1926,164.753,0.780467
0.0554253,"4,64,16,4096,64,8,0,0,0",0.01034,5.36029,96.7559,0.844396
0.0780194,"4,64,16,4096,8,1,0,0,0",0.024202,3.22367,61.8325,0.87924
0.0536326,"4,64,16,4096,8,2,0,0,0",0.016281,3.29418,63.0467,0.878005
0.042737,"4,64,16,4096,8,4,0,0,0",0.012438,3.436,65.4752,0.87554
0.0407732,"4,64,16,4096,8,8,0,0,0",0.010952,3.7229,70.3321,0.87063
0.0705473,"4,8,16,4096,1,1,0,0,0",0.027883,2.53012,50.0245,0.899087
0.0711673,"4,8,16,4096,16,1,0,0,0",0.024321,2.92616,57.1023,0.891749
0.0586431,"4,8,16,4096,16,16,0,0,0",0.014708,3.98716,75.3157,0.87314
0.0491423,"4,8,16,4096,16,2,0,0,0",0.016408,2.99502,58.3166,0.890496
0.0454519,"4,8,16,4096,16,4,0,0,0",0.014505,3.13354,60.745,0.887996
0.0488614,"4,8,16,4096,16,8,0,0,0",0.014313,3.41378,65.6019,0.883016
0.0623799,"4,8,16,4096,2,1,0,0,0",0.024403,2.55624,50.4964,0.898596
0.0479418,"4,8,16,4096,2,2,0,0,0",0.018273,2.62364,51.7106,0.897333
0.105669,"4,8,16,4096,32,1,0,0,0",0.031462,3.35863,64.652,0.883988
0.162601,"4,8,16,4096,32,16,0,0,0",0.036583,4.44473,82.8654,0.865541
0.105957,"4,8,16,4096,32,2,0,0,0",0.030899,3.42915,65.8662,0.882746
0.219894,"4,8,16,4096,32,32,0,0,0",0.038777,5.67073,102.293,0.846288
0.1157,"4,8,16,4096,32,4,0,0,0",0.0324,3.571,68.2947,0.880267
0.132142,"4,8,16,4096,32,8,0,0,0",0.034252,3.85792,73.1516,0.875331
0.0634464,"4,8,16,4096,4,1,0,0,0",0.024322,2.6086,51.4401,0.897614
0.0441013,"4,8,16,4096,4,2,0,0,0",0.016479,2.67621,52.6543,0.896353
0.0378639,"4,8,16,4096,4,4,0,0,0",0.013464,2.81223,55.0828,0.893836
0.262908,"4,8,16,4096,64,1,0,0,0",0.061792,4.25472,79.7513,0.868667
0.345276,"4,8,16,4096,64,16,0,0,0",0.064041,5.39148,97.9647,0.85054
0.276935,"4,8,16,4096,64,2,0,0,0",0.063978,4.32859,80.9656,0.867447
0.440076,"4,8,16,4096,64,32,0,0,0",0.065952,6.67267,117.392,0.831622
0.290138,"4,8,16,4096,64,4,0,0,0",0.064804,4.47716,83.394,0.865011
1.79769e+308,"4,8,16,4096,64,64,0,0,0",1.79769e+308,9.45524,156.248,0.795037
0.309002,"4,8,16,4096,64,8,0,0,0",0.064678,4.77755,88.2509,0.86016
0.0659971,"4,8,16,4096,8,1,0,0,0",0.024319,2.71381,53.3275,0.895655
0.0456527,"4,8,16,4096,8,2,0,0,0",0.016411,2.78183,54.5417,0.894396
0.0369827,"4,8,16,4096,8,4,0,0,0",0.012671,2.91869,56.9702,0.891885
0.037053,"4,8,16,4096,8,8,0,0,0",0.011595,3.1956,61.8271,0.886884
0.0521019,"5,32,16,4096,32,4,0,0,0",0.012323,4.22802,78.9246,0.864678
0.0781592,"6,16,16,4096,1,1,0,0,0",0.027814,2.81007,54.8593,0.89076
0.0829203,"6,16,16,4096,16,1,0,0,0",0.024252,3.41911,65.476,0.879877
0.0580248,"6,16,16,4096,16,16,0,0,0",0.011419,5.08142,92.7961,0.85248
0.0575282,"6,16,16,4096,16,2,0,0,0",0.016317,3.52566,67.2973,0.878023
0.046357,"6,16,16,4096,16,4,0,0,0",0.012393,3.74058,70.94,0.874328
0.046427,"6,16,16,4096,16,8,0,0,0",0.011113,4.17772,78.2254,0.866984
0.0693555,"6,16,16,4096,2,1,0,0,0",0.024335,2.85003,55.5671,0.89003
0.0537647,"6,16,16,4096,2,2,0,0,0",0.018205,2.95329,57.3884,0.888155
0.099267,"6,16,16,4096,32,1,0,0,0",0.024262,4.09146,76.8005,0.868415
0.0811998,"6,16,16,4096,32,16,0,0,0",0.013973,5.8112,104.121,0.841375
0.0686068,"6,16,16,4096,32,2,0,0,0",0.016328,4.20179,78.6218,0.866586
0.139311,"6,16,16,4096,32,32,0,0,0",0.017856,7.80194,133.262,0.813459
0.0568876,"6,16,16,4096,32,4,0,0,0",0.012858,4.42429,82.2645,0.862938
0.0646939,"6,16,16,4096,32,8,0,0,0",0.013266,4.87667,89.5499,0.85569
0.071064,"6,16,16,4096,4,1,0,0,0",0.024252,2.93023,56.9826,0.888572
0.0497903,"6,16,16,4096,4,2,0,0,0",0.016411,3.03396,58.804,0.8867
0.0434658,"6,16,16,4096,4,4,0,0,0",0.013402,3.24323,62.4466,0.882968
0.157612,"6,16,16,4096,64,1,0,0,0",0.028619,5.50725,99.4495,0.845938
0.250802,"6,16,16,4096,64,16,0,0,0",0.03415,7.34413,126.77,0.819597
0.1596,"6,16,16,4096,64,2,0,0,0",0.028372,5.62527,101.271,0.844156
0.344417,"6,16,16,4096,64,32,0,0,0",0.036389,9.46486,155.911,0.792404
0.175362,"6,16,16,4096,64,4,0,0,0",0.029909,5.8632,104.914,0.840603
1.79769e+308,"6,16,16,4096,64,64,0,0,0",1.79769e+308,14.2377,214.194,0.740695
0.204222,"6,16,16,4096,64,8,0,0,0",0.032178,6.34663,112.199,0.833542
0.0749683,"6,16,16,4096,8,1,0,0,0",0.024248,3.09173,59.8137,0.885664
0.0521908,"6,16,16,4096,8,2,0,0,0",0.016328,3.1964,61.6351,0.883799
0.0425399,"6,16,16,4096,8,4,0,0,0",0.012484,3.40755,65.2778,0.880079
0.0421892,"6,16,16,4096,8,8,0,0,0",0.010995,3.83713,72.5631,0.872686
0.0841103,"6,32,16,4096,1,1,0,0,0",0.027777,3.02806,58.5043,0.883726
0.0882987,"6,32,16,4096,16,1,0,0,0",0.024215,3.64645,69.121,0.872929
0.0520328,"6,32,16,4096,16,16,0,0,0",0.009756,5.33341,96.4411,0.845749
0.0611251,"6,32,16,4096,16,2,0,0,0",0.01628,3.75461,70.9423,0.87109
0.0491392,"6,32,16,4096,16,4,0,0,0",0.012369,3.97277,74.585,0.867424
0.0462357,"6,32,16,4096,16,8,0,0,0",0.010469,4.41644,81.8704,0.860138
0.0745618,"6,32,16,4096,2,1,0,0,0",0.024298,3.06864,59.2121,0.883002
0.0576529,"6,32,16,4096,2,2,0,0,0",0.018167,3.1735,61.0334,0.881142
1.79769e+308,"6,32,16,4096,32,1,0,0,0",1.79769e+308,4.32889,80.4455,0.861558
1.79769e+308,"6,32,16,4096,32,16,0,0,0",1.79769e+308,6.07372,107.766,0.834731
0.0723373,"6,32,16,4096,32,2,0,0,0",0.016289,4.44087,82.2668,0.859743
0.0795822,"6,32,16,4096,32,32,0,0,0",0.009834,8.09256,136.907,0.807036
0.0575213,"6,32,16,4096,32,4,0,0,0",0.012326,4.66666,85.9095,0.856125
0.0532404,"6,32,16,4096,32,8,0,0,0",0.010387,5.12568,93.1949,0.848933
0.0762793,"6,32,16,4096,4,1,0,0,0",0.024215,3.15008,60.6276,0.881556
0.0533041,"6,32,16,4096,4,2,0,0,0",0.016374,3.25541,62.449,0.879699
0.0463449,"6,32,16,4096,4,4,0,0,0",0.013364,3.46789,66.0916,0.875997
1.79769e+308,"6,32,16,4096,64,1,0,0,0",1.79769e+308,5.76541,103.094,0.839258
1.79769e+308,"6,32,16,4096,64,16,0,0,0",1.79769e+308,7.62836,130.415,0.813126
0.095957,"6,32,16,4096,64,2,0,0,0",0.016305,5.88513,104.916,0.83749
0.129006,"6,32,16,4096,64,32,0,0,0",0.013193,9.77839,159.556,0.786147
0.0758273,"6,32,16,4096,64,4,0,0,0",0.012377,6.12647,108.559,0.833965
1.79769e+308,"6,32,16,4096,64,64,0,0,0",1.79769e+308,14.6151,217.839,0.734846
0.0804602,"6,32,16,4096,64,8,0,0,0",0.01216,6.61679,115.844,0.82696
0.0802369,"6,32,16,4096,8,1,0,0,0",0.024211,3.31407,63.4587,0.878671
0.0557208,"6,32,16,4096,8,2,0,0,0",0.016291,3.42034,65.2801,0.87682
0.0452413,"6,32,16,4096,8,4,0,0,0",0.012447,3.63471,68.9228,0.87313
0.0446238,"6,32,16,4096,8,8,0,0,0",0.010962,4.07077,76.2081,0.865796
0.0965217,"6,64,16,4096,1,1,0,0,0",0.027767,3.47613,65.7943,0.869825
0.0995698,"6,64,16,4096,16,1,0,0,0",0.024206,4.11343,76.411,0.859199
0.0570355,"6,64,16,4096,16,16,0,0,0",0.009749,5.8504,103.731,0.832445
0.0687428,"6,64,16,4096,16,2,0,0,0",0.016271,4.22487,78.2323,0.857388
0.0550014,"6,64,16,4096,16,4,0,0,0",0.012361,4.44959,81.875,0.85378
0.051322,"6,64,16,4096,16,8,0,0,0",0.01046,4.9065,89.1604,0.846608
0.0854444,"6,64,16,4096,2,1,0,0,0",0.024288,3.51797,66.5021,0.869113
0.0658419,"6,64,16,4096,2,2,0,0,0",0.018158,3.62606,68.3234,0.867282
1.79769e+308,"6,64,16,4096,32,1,0,0,0",1.79769e+308,4.81635,87.7355,0.848006
1.79769e+308,"6,64,16,4096,32,16,0,0,0",1.79769e+308,6.61208,115.056,0.821601
0.0802872,"6,64,16,4096,32,2,0,0,0",0.01628,4.93165,89.5568,0.84622
0.079469,"6,64,16,4096,32,32,0,0,0",0.009147,8.68799,144.197,0.794342
0.0636323,"6,64,16,4096,32,4,0,0,0",0.012322,5.16412,93.1995,0.842658
0.058632,"6,64,16,4096,32,8,0,0,0",0.010402,5.6366,100.485,0.83558
0.0871881,"6,64,16,4096,4,1,0,0,0",0.024206,3.60192,67.9176,0.86769
0.0607221,"6,64,16,4096,4,2,0,0,0",0.016365,3.71049,69.739,0.865862
0.0524779,"6,64,16,4096,4,4,0,0,0",0.013355,3.92946,73.3816,0.862217
1.79769e+308,"6,64,16,4096,64,1,0,0,0",1.79769e+308,6.2949,110.384,0.826057
1.79769e+308,"6,64,16,4096,64,16,0,0,0",1.79769e+308,8.21081,137.705,0.800336
0.104589,"6,64,16,4096,64,2,0,0,0",0.016296,6.41807,112.206,0.824317
0.0952111,"6,64,16,4096,64,32,0,0,0",0.009137,10.4204,166.846,0.773782
0.0821961,"6,64,16,4096,64,4,0,0,0",0.01233,6.66635,115.849,0.820847
1.79769e+308,"6,64,16,4096,64,64,0,0,0",1.79769e+308,15.3869,225.129,0.723288
0.0742021,"6,64,16,4096,64,8,0,0,0",0.010348,7.17067,123.134,0.813952
0.0912681,"6,64,16,4096,8,1,0,0,0",0.024203,3.77094,70.7487,0.86485
0.0631816,"6,64,16,4096,8,2,0,0,0",0.016282,3.88046,72.5701,0.863028
0.0510125,"6,64,16,4096,8,4,0,0,0",0.012438,4.10134,76.2128,0.859396
0.0498374,"6,64,16,4096,8,8,0,0,0",0.010952,4.55053,83.4981,0.852177
0.0753557,"6,8,16,4096,1,1,0,0,0",0.027883,2.70257,53.0368,0.894297
0.0804419,"6,8,16,4096,16,1,0,0,0",0.024325,3.30696,63.6535,0.883371
0.115543,"6,8,16,4096,16,16,0,0,0",0.023309,4.95703,90.9736,0.855865
0.0563848,"6,8,16,4096,16,2,0,0,0",0.016522,3.41271,65.4748,0.88151
0.0551699,"6,8,16,4096,16,4,0,0,0",0.015215,3.62602,69.1175,0.8778
0.070395,"6,8,16,4096,16,8,0,0,0",0.017339,4.05992,76.4029,0.870427
0.0669212,"6,8,16,4096,2,1,0,0,0",0.024404,2.74222,53.7446,0.893565
0.051981,"6,8,16,4096,2,2,0,0,0",0.018273,2.84469,55.5659,0.891682
0.122555,"6,8,16,4096,32,1,0,0,0",0.030837,3.97429,74.978,0.871864
0.204446,"6,8,16,4096,32,16,0,0,0",0.035984,5.68158,102.298,0.844716
0.125647,"6,8,16,4096,32,2,0,0,0",0.030767,4.08381,76.7993,0.870027
0.291669,"6,8,16,4096,32,32,0,0,0",0.038085,7.65838,131.44,0.81669
0.138856,"6,8,16,4096,32,4,0,0,0",0.032257,4.30468,80.442,0.866366
0.160554,"6,8,16,4096,32,8,0,0,0",0.033774,4.75376,87.7274,0.859088
0.0686348,"6,8,16,4096,4,1,0,0,0",0.024323,2.82181,55.1601,0.892101
0.0481997,"6,8,16,4096,4,2,0,0,0",0.01648,2.92474,56.9815,0.890222
0.042178,"6,8,16,4096,4,4,0,0,0",0.013465,3.13242,60.6241,0.886475
0.331186,"6,8,16,4096,64,1,0,0,0",0.061561,5.3798,97.627,0.849297
0.464447,"6,8,16,4096,64,16,0,0,0",0.064473,7.20374,124.947,0.822852
0.349855,"6,8,16,4096,64,2,0,0,0",0.063645,5.49698,99.4483,0.847508
0.612147,"6,8,16,4096,64,32,0,0,0",0.065752,9.30994,154.089,0.795551
0.371724,"6,8,16,4096,64,4,0,0,0",0.064837,5.73321,103.091,0.843941
1.79769e+308,"6,8,16,4096,64,64,0,0,0",1.79769e+308,14.0512,212.371,0.743637
0.403014,"6,8,16,4096,64,8,0,0,0",0.064864,6.21321,110.376,0.836852
0.0725239,"6,8,16,4096,8,1,0,0,0",0.02432,2.98207,57.9912,0.889182
0.0507452,"6,8,16,4096,8,2,0,0,0",0.016444,3.08594,59.8126,0.887309
0.0417045,"6,8,16,4096,8,4,0,0,0",0.012655,3.29549,63.4553,0.883574
0.0423398,"6,8,16,4096,8,8,0,0,0",0.011376,3.72185,70.7406,0.876152
0.0945245,"7,32,16,4096,16,1,0,0,0",0.024217,3.90323,73.3078,0.867099
0.0493395,"7,32,16,4096,4,4,0,0,0",0.013364,3.69197,69.7736,0.870655
0.0849895,"7,32,16,4096,8,1,0,0,0",0.024212,3.51022,66.7019,0.873757
0.0484106,"7,32,16,4096,8,4,0,0,0",0.012447,3.88934,73.0766,0.867331
0.0549679,"8,16,16,4096,1,1,0,0,0",0.018184,3.02287,58.479,0.884845
0.0632125,"8,16,16,4096,16,1,0,0,0",0.016415,3.8509,72.6347,0.87046
0.0569772,"8,16,16,4096,16,16,0,0,0",0.009261,6.15238,109.061,0.83451
0.0495624,"8,16,16,4096,16,2,0,0,0",0.012401,3.99665,75.0631,0.868016
0.0446606,"8,16,16,4096,16,4,0,0,0",0.010407,4.2914,79.92,0.863148
0.0464296,"8,16,16,4096,16,8,0,0,0",0.009487,4.89402,89.6338,0.853495
0.0505633,"8,16,16,4096,2,1,0,0,0",0.016433,3.07694,59.4227,0.883878
0.0428542,"8,16,16,4096,2,2,0,0,0",0.013322,3.2168,61.8512,0.881397
0.0784448,"8,16,16,4096,32,1,0,0,0",0.016429,4.77478,87.734,0.855374
0.0929408,"8,16,16,4096,32,16,0,0,0",0.012944,7.18022,124.161,0.820048
0.0611677,"8,16,16,4096,32,2,0,0,0",0.012414,4.92732,90.1625,0.852973
0.142154,"8,16,16,4096,32,32,0,0,0",0.014169,10.0328,163.016,0.783972
0.0612055,"8,16,16,4096,32,4,0,0,0",0.01169,5.23571,95.0194,0.848189
0.0710764,"8,16,16,4096,32,8,0,0,0",0.012117,5.86584,104.733,0.838703
0.0522652,"8,16,16,4096,4,1,0,0,0",0.016407,3.18555,61.3102,0.881949
0.0413619,"8,16,16,4096,4,2,0,0,0",0.012435,3.32625,63.7386,0.879472
0.0393298,"8,16,16,4096,4,4,0,0,0",0.010892,3.61089,68.5955,0.874541
0.173782,"8,16,16,4096,64,1,0,0,0",0.025742,6.75091,117.933,0.825983
0.317116,"8,16,16,4096,64,16,0,0,0",0.033841,9.37076,154.359,0.79187
0.191163,"8,16,16,4096,64,2,0,0,0",0.027635,6.91741,120.361,0.823663
0.452982,"8,16,16,4096,64,32,0,0,0",0.036338,12.4658,193.215,0.757034
0.214815,"8,16,16,4096,64,4,0,0,0",0.029614,7.25385,125.218,0.819044
1.79769e+308,"8,16,16,4096,64,64,0,0,0",1.79769e+308,19.6715,270.925,0.691893
0.254354,"8,16,16,4096,64,8,0,0,0",0.032032,7.94063,134.932,0.809884
0.0558681,"8,16,16,4096,8,1,0,0,0",0.016409,3.40472,65.085,0.878103
0.0439805,"8,16,16,4096,8,2,0,0,0",0.012399,3.5471,67.5135,0.875637
0.040027,"8,16,16,4096,8,4,0,0,0",0.010437,3.8351,72.3704,0.870727
0.0428434,"8,16,16,4096,8,8,0,0,0",0.009684,4.42414,82.0842,0.860988
0.0602369,"8,32,16,4096,1,1,0,0,0",0.018147,3.31939,63.339,0.875541
0.0682012,"8,32,16,4096,16,1,0,0,0",0.016378,4.1642,77.4947,0.861308
0.0589461,"8,32,16,4096,16,16,0,0,0",0.009054,6.5105,113.921,0.825736
0.0533198,"8,32,16,4096,16,2,0,0,0",0.012363,4.31285,79.9231,0.85889
0.0478369,"8,32,16,4096,16,4,0,0,0",0.010369,4.61345,84.78,0.854073
0.0491842,"8,32,16,4096,16,8,0,0,0",0.009408,5.22791,94.4938,0.844521
0.0553259,"8,32,16,4096,2,1,0,0,0",0.016395,3.37456,64.2827,0.874585
0.0467271,"8,32,16,4096,2,2,0,0,0",0.013285,3.51729,66.7112,0.872129
1.79769e+308,"8,32,16,4096,32,1,0,0,0",1.79769e+308,5.10634,92.594,0.846381
0.0682617,"8,32,16,4096,32,16,0,0,0",0.009032,7.55776,129.021,0.811426
0.0651207,"8,32,16,4096,32,2,0,0,0",0.012376,5.26186,95.0225,0.844004
0.0958503,"8,32,16,4096,32,32,0,0,0",0.009161,10.4629,167.876,0.77573
0.0578256,"8,32,16,4096,32,4,0,0,0",0.01037,5.57624,99.8794,0.839271
0.0584165,"8,32,16,4096,32,8,0,0,0",0.009394,6.21849,109.593,0.829885
0.0570559,"8,32,16,4096,4,1,0,0,0",0.01637,3.48539,66.1702,0.872676
0.0449883,"8,32,16,4096,4,2,0,0,0",0.012397,3.62896,68.5986,0.870226
0.0425447,"8,32,16,4096,4,4,0,0,0",0.010855,3.91937,73.4555,0.865346
1.79769e+308,"8,32,16,4096,64,1,0,0,0",1.79769e+308,7.12037,122.793,0.817298
1.79769e+308,"8,32,16,4096,64,16,0,0,0",1.79769e+308,9.78879,159.219,0.783544
0.0904252,"8,32,16,4096,64,2,0,0,0",0.012404,7.29001,125.221,0.815003
0.165833,"8,32,16,4096,64,32,0,0,0",0.012816,12.9395,198.075,0.749075
0.085174,"8,32,16,4096,64,4,0,0,0",0.011159,7.63276,130.078,0.810433
1.79769e+308,"8,32,16,4096,64,64,0,0,0",1.79769e+308,20.2704,275.785,0.684618
0.09798,"8,32,16,4096,64,8,0,0,0",0.011759,8.33234,139.792,0.801369
0.0607242,"8,32,16,4096,8,1,0,0,0",0.016372,3.70903,69.945,0.86887
0.0476467,"8,32,16,4096,8,2,0,0,0",0.012362,3.85429,72.3735,0.86643
0.0431359,"8,32,16,4096,8,4,0,0,0",0.010399,4.14808,77.2304,0.861572
0.0458118,"8,32,16,4096,8,8,0,0,0",0.009647,4.74882,86.9442,0.851936
0.0713584,"8,64,16,4096,1,1,0,0,0",0.018138,3.9342,73.059,0.857227
0.0787863,"8,64,16,4096,16,1,0,0,0",0.016369,4.81314,87.2147,0.843291
0.065584,"8,64,16,4096,16,16,0,0,0",0.009045,7.25086,123.641,0.808464
0.0613762,"8,64,16,4096,16,2,0,0,0",0.012355,4.96772,89.6431,0.840924
0.0547033,"8,64,16,4096,16,4,0,0,0",0.01036,5.28024,94.5,0.836208
0.0556309,"8,64,16,4096,16,8,0,0,0",0.009399,5.91881,104.214,0.826856
0.0654107,"8,64,16,4096,2,1,0,0,0",0.016387,3.99162,74.0027,0.856291
0.0549649,"8,64,16,4096,2,2,0,0,0",0.013276,4.14017,76.4312,0.853887
1.79769e+308,"8,64,16,4096,32,1,0,0,0",1.79769e+308,5.7925,102.314,0.828677
1.79769e+308,"8,64,16,4096,32,16,0,0,0",1.79769e+308,8.33775,138.741,0.794452
0.0736342,"8,64,16,4096,32,2,0,0,0",0.012367,5.95409,104.742,0.82635
0.0993712,"8,64,16,4096,32,32,0,0,0",0.008755,11.3502,177.596,0.759503
0.0650742,"8,64,16,4096,32,4,0,0,0",0.010361,6.28069,109.599,0.821716
0.0652179,"8,64,16,4096,32,8,0,0,0",0.009387,6.94768,119.313,0.812526
0.0671943,"8,64,16,4096,4,1,0,0,0",0.016361,4.10698,75.8902,0.854422
0.052728,"8,64,16,4096,4,2,0,0,0",0.012388,4.25638,78.3186,0.852023
0.0494415,"8,64,16,4096,4,4,0,0,0",0.010846,4.5585,83.1755,0.847245
1.79769e+308,"8,64,16,4096,64,1,0,0,0",1.79769e+308,7.88388,132.513,0.800202
1.79769e+308,"8,64,16,4096,64,16,0,0,0",1.79769e+308,10.6515,168.939,0.767154
0.0998946,"8,64,16,4096,64,2,0,0,0",0.012394,8.05992,134.941,0.797955
0.122726,"8,64,16,4096,64,32,0,0,0",0.008819,13.9161,207.795,0.733406
0.0874209,"8,64,16,4096,64,4,0,0,0",0.010388,8.41557,139.798,0.793481
1.79769e+308,"8,64,16,4096,64,64,0,0,0",1.79769e+308,21.5029,285.505,0.670298
0.0858002,"8,64,16,4096,64,8,0,0,0",0.009386,9.1413,149.512,0.784606
0.0710103,"8,64,16,4096,8,1,0,0,0",0.016363,4.33969,79.665,0.850695
0.055475,"8,64,16,4096,8,2,0,0,0",0.012353,4.49081,82.0935,0.848307
0.0498344,"8,64,16,4096,8,4,0,0,0",0.01039,4.79638,86.9504,0.84355
0.0522471,"8,64,16,4096,8,8,0,0,0",0.009638,5.42095,96.6642,0.834115
0.0525222,"8,8,16,4096,1,1,0,0,0",0.018254,2.8773,56.049,0.889533
0.0609487,"8,8,16,4096,16,1,0,0,0",0.016486,3.697,70.2047,0.875073
0.0816839,"8,8,16,4096,16,16,0,0,0",0.013668,5.97628,106.631,0.838932
0.0496719,"8,8,16,4096,16,2,0,0,0",0.012931,3.8413,72.6331,0.872616
0.0542601,"8,8,16,4096,16,4,0,0,0",0.013128,4.13316,77.49,0.867722
0.0621511,"8,8,16,4096,16,8,0,0,0",0.01314,4.72992,87.2038,0.858017
0.0483671,"8,8,16,4096,2,1,0,0,0",0.016503,2.93081,56.9927,0.888562
0.0411034,"8,8,16,4096,2,2,0,0,0",0.013392,3.06925,59.4212,0.886067
0.125529,"8,8,16,4096,32,1,0,0,0",0.027219,4.61183,85.304,0.859907
0.242143,"8,8,16,4096,32,16,0,0,0",0.034619,6.99452,121.731,0.824393
0.137029,"8,8,16,4096,32,2,0,0,0",0.02877,4.7629,87.7325,0.857492
0.353333,"8,8,16,4096,32,32,0,0,0",0.035977,9.82108,160.586,0.788127
0.153788,"8,8,16,4096,32,4,0,0,0",0.030343,5.06832,92.5894,0.852684
0.182614,"8,8,16,4096,32,8,0,0,0",0.03208,5.69245,102.303,0.843147
0.0500654,"8,8,16,4096,4,1,0,0,0",0.016478,3.03831,58.8802,0.886622
0.0397358,"8,8,16,4096,4,2,0,0,0",0.012505,3.17759,61.3086,0.884133
0.0379217,"8,8,16,4096,4,4,0,0,0",0.010962,3.45938,66.1655,0.879175
0.404374,"8,8,16,4096,64,1,0,0,0",0.061556,6.5692,115.503,0.830359
0.580998,"8,8,16,4096,64,16,0,0,0",0.063393,9.16501,151.929,0.796066
0.429935,"8,8,16,4096,64,2,0,0,0",0.063844,6.73414,117.931,0.828028
0.767247,"8,8,16,4096,64,32,0,0,0",0.062722,12.2325,190.785,0.761046
0.45619,"8,8,16,4096,64,4,0,0,0",0.064548,7.06746,122.788,0.823384
1.79769e+308,"8,8,16,4096,64,64,0,0,0",1.79769e+308,19.3763,268.495,0.695559
0.497756,"8,8,16,4096,64,8,0,0,0",0.064244,7.7479,132.502,0.814176
0.0536469,"8,8,16,4096,8,1,0,0,0",0.01648,3.25528,62.655,0.882755
0.0423543,"8,8,16,4096,8,2,0,0,0",0.012471,3.39623,65.0835,0.880277
0.039663,"8,8,16,4096,8,4,0,0,0",0.010774,3.68136,69.9404,0.87534
0.0450512,"8,8,16,4096,8,8,0,0,0",0.010564,4.2646,79.6542,0.865551
