0.486457,"1,16,16,4096,1,1,0,0,0",0.212155,2.29293,45.8099,0.90572
0.442774,"1,16,16,4096,16,1,0,0,0",0.1853,2.3895,47.5793,0.903867
0.375158,"1,16,16,4096,16,16,0,0,0",0.142073,2.6406,52.1327,0.899114
0.374029,"1,16,16,4096,16,2,0,0,0",0.155449,2.40612,47.8829,0.903549
0.34247,"1,16,16,4096,16,4,0,0,0",0.14039,2.43942,48.49,0.902914
0.344188,"1,16,16,4096,16,8,0,0,0",0.137334,2.50621,49.7042,0.901646
0.432924,"1,16,16,4096,2,1,0,0,0",0.188281,2.29935,45.9278,0.905597
0.394552,"1,16,16,4096,2,2,0,0,0",0.170368,2.31588,46.2314,0.905278
1.79769e+308,"1,16,16,4096,32,1,0,0,0",1.79769e+308,2.49313,49.4667,0.901894
1.79769e+308,"1,16,16,4096,32,16,0,0,0",1.79769e+308,2.74579,54.0201,0.897151
0.394767,"1,16,16,4096,32,2,0,0,0",0.157287,2.50985,49.7703,0.901577
0.561202,"1,16,16,4096,32,32,0,0,0",0.185864,3.01942,58.877,0.89212
0.40975,"1,16,16,4096,32,4,0,0,0",0.161106,2.54336,50.3774,0.900943
0.439894,"1,16,16,4096,32,8,0,0,0",0.168505,2.61057,51.5916,0.899677
0.434053,"1,16,16,4096,4,1,0,0,0",0.187723,2.3122,46.1638,0.905349
0.366321,"1,16,16,4096,4,2,0,0,0",0.157304,2.32874,46.4673,0.905031
0.351567,"1,16,16,4096,4,4,0,0,0",0.14885,2.36189,47.0744,0.904395
1.79769e+308,"1,16,16,4096,64,1,0,0,0",1.79769e+308,2.70232,53.2416,0.89796
1.79769e+308,"1,16,16,4096,64,16,0,0,0",1.79769e+308,2.95809,57.7949,0.893239
0.589874,"1,16,16,4096,64,2,0,0,0",0.216925,2.71925,53.5451,0.897645
0.712512,"1,16,16,4096,64,32,0,0,0",0.220248,3.23504,62.6518,0.88823
0.594008,"1,16,16,4096,64,4,0,0,0",0.215754,2.75317,54.1523,0.897014
1.79769e+308,"1,16,16,4096,64,64,0,0,0",1.79769e+308,3.8018,72.3657,0.878295
0.609768,"1,16,16,4096,64,8,0,0,0",0.216137,2.82121,55.3665,0.895754
0.438108,"1,16,16,4096,8,1,0,0,0",0.187392,2.33792,46.6356,0.904855
0.368796,"1,16,16,4096,8,2,0,0,0",0.156635,2.3545,46.9392,0.904537
0.337244,"1,16,16,4096,8,4,0,0,0",0.141243,2.38769,47.5463,0.903901
0.338685,"1,16,16,4096,8,8,0,0,0",0.137998,2.45428,48.7605,0.902631
0.493349,"1,32,16,4096,1,1,0,0,0",0.211969,2.32746,46.4174,0.904525
0.451081,"1,32,16,4096,16,1,0,0,0",0.186068,2.42428,48.1868,0.902673
0.354361,"1,32,16,4096,16,16,0,0,0",0.13242,2.67604,52.7402,0.897927
0.381039,"1,32,16,4096,16,2,0,0,0",0.156103,2.44095,48.4904,0.902356
0.347928,"1,32,16,4096,16,4,0,0,0",0.140615,2.47433,49.0975,0.901722
0.342877,"1,32,16,4096,16,8,0,0,0",0.134922,2.5413,50.3117,0.900455
0.438992,"1,32,16,4096,2,1,0,0,0",0.188094,2.33389,46.5353,0.904401
0.400006,"1,32,16,4096,2,2,0,0,0",0.170181,2.35047,46.8389,0.904083
1.79769e+308,"1,32,16,4096,32,1,0,0,0",1.79769e+308,2.52818,50.0742,0.900703
3.71E-01,"1,32,16,4096,32,16,0,0,0",1.33E-01,2.7815,54.6276,0.895967
0.384708,"1,32,16,4096,32,2,0,0,0",0.151165,2.54495,50.3778,0.900386
0.42709,"1,32,16,4096,32,32,0,0,0",0.139762,3.05584,59.4845,0.890942
0.352306,"1,32,16,4096,32,4,0,0,0",0.13663,2.57854,50.9849,0.899754
0.349601,"1,32,16,4096,32,8,0,0,0",0.132128,2.64593,52.1991,0.898489
0.440105,"1,32,16,4096,4,1,0,0,0",0.187536,2.34678,46.7713,0.904154
0.371323,"1,32,16,4096,4,2,0,0,0",0.157116,2.36337,47.0748,0.903836
0.356285,"1,32,16,4096,4,4,0,0,0",0.148663,2.39659,47.6819,0.903201
1.79769e+308,"1,32,16,4096,64,1,0,0,0",1.79769e+308,2.73792,53.8491,0.896775
1.79769e+308,"1,32,16,4096,64,16,0,0,0",1.79769e+308,2.99435,58.4024,0.892059
0.421125,"1,32,16,4096,64,2,0,0,0",0.152864,2.7549,54.1526,0.89646
0.546164,"1,32,16,4096,64,32,0,0,0",0.16692,3.27201,63.2593,0.887057
0.436784,"1,32,16,4096,64,4,0,0,0",0.156615,2.7889,54.7598,0.89583
1.79769e+308,"1,32,16,4096,64,64,0,0,0",1.79769e+308,3.84018,72.9732,0.877136
0.459379,"1,32,16,4096,64,8,0,0,0",0.160784,2.85712,55.974,0.894571
0.444155,"1,32,16,4096,8,1,0,0,0",0.187204,2.37257,47.2431,0.90366
0.373781,"1,32,16,4096,8,2,0,0,0",0.156447,2.38919,47.5467,0.903343
0.341701,"1,32,16,4096,8,4,0,0,0",0.141055,2.42247,48.1538,0.902708
0.342866,"1,32,16,4096,8,8,0,0,0",0.13774,2.48923,49.368,0.90144
0.507859,"1,64,16,4096,1,1,0,0,0",0.211887,2.39684,47.6324,0.902138
0.463876,"1,64,16,4096,16,1,0,0,0",0.185984,2.49417,49.4018,0.900291
0.363235,"1,64,16,4096,16,16,0,0,0",0.132218,2.74724,53.9552,0.895557
0.391739,"1,64,16,4096,16,2,0,0,0",0.156014,2.51092,49.7054,0.899975
0.357546,"1,64,16,4096,16,4,0,0,0",0.140518,2.54448,50.3125,0.899342
0.352001,"1,64,16,4096,16,8,0,0,0",0.134773,2.6118,51.5267,0.898079
0.451854,"1,64,16,4096,2,1,0,0,0",0.188013,2.40331,47.7503,0.902014
0.411638,"1,64,16,4096,2,2,0,0,0",0.1701,2.41997,48.0539,0.901697
1.79769e+308,"1,64,16,4096,32,1,0,0,0",1.79769e+308,2.59862,51.2892,0.898326
1.79769e+308,"1,64,16,4096,32,16,0,0,0",1.79769e+308,2.85325,55.8426,0.893602
0.395504,"1,64,16,4096,32,2,0,0,0",0.151217,2.61547,51.5928,0.89801
0.405668,"1,64,16,4096,32,32,0,0,0",0.129648,3.129,60.6995,0.888591
0.362843,"1,64,16,4096,32,4,0,0,0",0.136961,2.64924,52.1999,0.897379
0.356522,"1,64,16,4096,32,8,0,0,0",0.13122,2.71698,53.4141,0.896118
0.452938,"1,64,16,4096,4,1,0,0,0",0.187454,2.41626,47.9863,0.901768
0.382056,"1,64,16,4096,4,2,0,0,0",0.157035,2.43294,48.2898,0.901451
0.366451,"1,64,16,4096,4,4,0,0,0",0.148581,2.46634,48.8969,0.900818
1.79769e+308,"1,64,16,4096,64,1,0,0,0",1.79769e+308,2.80944,55.0641,0.894408
1.79769e+308,"1,64,16,4096,64,16,0,0,0",1.79769e+308,3.06719,59.6174,0.889705
0.414977,"1,64,16,4096,64,2,0,0,0",0.146816,2.82651,55.3676,0.894094
0.430176,"1,64,16,4096,64,32,0,0,0",0.128554,3.34627,64.4743,0.884716
0.374963,"1,64,16,4096,64,4,0,0,0",0.131074,2.86069,55.9748,0.893466
1.79769e+308,"1,64,16,4096,64,64,0,0,0",1.79769e+308,3.9173,74.1882,0.874821
0.366471,"1,64,16,4096,64,8,0,0,0",0.125107,2.92926,57.189,0.89221
0.456987,"1,64,16,4096,8,1,0,0,0",0.187122,2.44219,48.4581,0.901275
0.384487,"1,64,16,4096,8,2,0,0,0",0.156366,2.45889,48.7617,0.900959
0.351354,"1,64,16,4096,8,4,0,0,0",0.140973,2.49235,49.3688,0.900326
0.35233,"1,64,16,4096,8,8,0,0,0",0.137658,2.55946,50.583,0.899061
0.483431,"1,8,16,4096,1,1,0,0,0",0.212431,2.27571,45.5061,0.906319
0.435424,"1,8,16,4096,16,1,0,0,0",0.183557,2.37215,47.2756,0.904464
0.540435,"1,8,16,4096,16,16,0,0,0",0.206043,2.62292,51.8289,0.899708
0.400063,"1,8,16,4096,16,2,0,0,0",0.167478,2.38875,47.5791,0.904146
0.417345,"1,8,16,4096,16,4,0,0,0",0.172314,2.422,48.1863,0.903511
0.464824,"1,8,16,4096,16,8,0,0,0",0.186773,2.48871,49.4005,0.902241
0.430373,"1,8,16,4096,2,1,0,0,0",0.188585,2.28212,45.6241,0.906195
0.392257,"1,8,16,4096,2,2,0,0,0",0.170648,2.29863,45.9277,0.905877
1.79769e+308,"1,8,16,4096,32,1,0,0,0",1.79769e+308,2.47564,49.163,0.90249
1.79769e+308,"1,8,16,4096,32,16,0,0,0",1.79769e+308,2.72797,53.7164,0.897744
0.554215,"1,8,16,4096,32,2,0,0,0",0.222367,2.49235,49.4666,0.902172
0.737226,"1,8,16,4096,32,32,0,0,0",0.245639,3.00126,58.5733,0.89271
0.553758,"1,8,16,4096,32,4,0,0,0",0.21924,2.52581,50.0737,0.901538
0.570779,"1,8,16,4096,32,8,0,0,0",0.220129,2.59293,51.2879,0.900272
0.431464,"1,8,16,4096,4,1,0,0,0",0.188006,2.29495,45.86,0.905948
0.364254,"1,8,16,4096,4,2,0,0,0",0.157585,2.31147,46.1636,0.905629
0.349627,"1,8,16,4096,4,4,0,0,0",0.149122,2.34457,46.7707,0.904993
1.79769e+308,"1,8,16,4096,64,1,0,0,0",1.79769e+308,2.68456,52.9378,0.898554
1.79769e+308,"1,8,16,4096,64,16,0,0,0",1.79769e+308,2.94,57.4912,0.893829
0.702856,"1,8,16,4096,64,2,0,0,0",0.260175,2.70147,53.2414,0.898238
0.884122,"1,8,16,4096,64,32,0,0,0",0.274862,3.2166,62.3481,0.888816
0.736274,"1,8,16,4096,64,4,0,0,0",0.26917,2.73535,53.8485,0.897607
1.79769e+308,"1,8,16,4096,64,64,0,0,0",1.79769e+308,3.78264,72.0619,0.878876
0.768382,"1,8,16,4096,64,8,0,0,0",0.274099,2.8033,55.0627,0.896346
0.436582,"1,8,16,4096,8,1,0,0,0",0.18813,2.32064,46.3319,0.905453
0.368218,"1,8,16,4096,8,2,0,0,0",0.157547,2.33719,46.6354,0.905135
0.34478,"1,8,16,4096,8,4,0,0,0",0.145456,2.37034,47.2425,0.904499
0.361946,"1,8,16,4096,8,8,0,0,0",0.148531,2.43684,48.4568,0.903228
1.79769e+308,"10,16,16,4096,1,1,0,0,0",1.79769e+308,3.23911,62.0988,0.878969
1.79769e+308,"10,16,16,4096,16,1,0,0,0",1.79769e+308,4.29425,79.7933,0.861144
1.79769e+308,"10,16,16,4096,16,16,0,0,0",1.79769e+308,7.27941,125.327,0.81692
1.79769e+308,"10,16,16,4096,16,2,0,0,0",1.79769e+308,4.48108,82.8289,0.858123
1.79769e+308,"10,16,16,4096,16,4,0,0,0",1.79769e+308,4.85988,88.9,0.852112
1.79769e+308,"10,16,16,4096,16,8,0,0,0",1.79769e+308,5.63823,101.042,0.840216
1.79769e+308,"10,16,16,4096,2,1,0,0,0",1.79769e+308,3.30767,63.2784,0.877769
1.79769e+308,"10,16,16,4096,2,2,0,0,0",1.79769e+308,3.48524,66.314,0.87469
1.79769e+308,"10,16,16,4096,32,1,0,0,0",1.79769e+308,5.48381,98.6675,0.842529
1.79769e+308,"10,16,16,4096,32,16,0,0,0",1.79769e+308,8.63477,144.201,0.799261
1.79769e+308,"10,16,16,4096,32,2,0,0,0",1.79769e+308,5.68139,101.703,0.839573
1.79769e+308,"10,16,16,4096,32,32,0,0,0",1.79769e+308,12.4593,192.77,0.755554
1.79769e+308,"10,16,16,4096,32,4,0,0,0",1.79769e+308,6.0818,107.774,0.833692
9.48E-01,"10,16,16,4096,32,8,0,0,0",1.37E-01,6.90388,119.916,0.822053
1.79769e+308,"10,16,16,4096,4,1,0,0,0",1.79769e+308,3.44553,65.6377,0.875375
1.79769e+308,"10,16,16,4096,4,2,0,0,0",1.79769e+308,3.62443,68.6733,0.872303
1.79769e+308,"10,16,16,4096,4,4,0,0,0",1.79769e+308,3.9873,74.7444,0.866193
1.79769e+308,"10,16,16,4096,64,1,0,0,0",1.79769e+308,8.0671,136.416,0.806498
1.79769e+308,"10,16,16,4096,64,16,0,0,0",1.79769e+308,11.5639,181.949,0.76508
1.79769e+308,"10,16,16,4096,64,2,0,0,0",1.79769e+308,8.287,139.451,0.803669
1.79769e+308,"10,16,16,4096,64,32,0,0,0",1.79769e+308,15.7871,230.518,0.723243
1.79769e+308,"10,16,16,4096,64,4,0,0,0",1.79769e+308,8.73234,145.523,0.798039
1.79769e+308,"10,16,16,4096,64,64,0,0,0",1.79769e+308,25.944,327.657,0.646306
1.79769e+308,"10,16,16,4096,64,8,0,0,0",1.79769e+308,9.64552,157.665,0.786898
1.79769e+308,"10,16,16,4096,8,1,0,0,0",1.79769e+308,3.72434,70.3562,0.870605
1.79769e+308,"10,16,16,4096,8,2,0,0,0",1.79769e+308,3.90586,73.3918,0.867551
1.79769e+308,"10,16,16,4096,8,4,0,0,0",1.79769e+308,4.27402,79.463,0.861474
1.79769e+308,"10,16,16,4096,8,8,0,0,0",1.79769e+308,5.03089,91.6052,0.849447
1.79769e+308,"10,32,16,4096,1,1,0,0,0",1.79769e+308,3.61715,68.1738,0.867432
1.79769e+308,"10,32,16,4096,16,1,0,0,0",1.79769e+308,4.6988,85.8683,0.849841
1.79769e+308,"10,32,16,4096,16,16,0,0,0",1.79769e+308,7.75569,131.402,0.806198
1.79769e+308,"10,32,16,4096,16,2,0,0,0",1.79769e+308,4.89024,88.9039,0.84686
1.79769e+308,"10,32,16,4096,16,4,0,0,0",1.79769e+308,5.27834,94.975,0.840928
1.79769e+308,"10,32,16,4096,16,8,0,0,0",1.79769e+308,6.07556,107.117,0.829188
1.79769e+308,"10,32,16,4096,2,1,0,0,0",1.79769e+308,3.68745,69.3534,0.866248
1.79769e+308,"10,32,16,4096,2,2,0,0,0",1.79769e+308,3.86954,72.389,0.863209
1.79769e+308,"10,32,16,4096,32,1,0,0,0",1.79769e+308,5.91742,104.742,0.831471
1.79769e+308,"10,32,16,4096,32,16,0,0,0",1.79769e+308,9.14255,150.276,0.78877
1.79769e+308,"10,32,16,4096,32,2,0,0,0",1.79769e+308,6.11975,107.778,0.828554
1.79769e+308,"10,32,16,4096,32,32,0,0,0",1.79769e+308,13.0536,198.845,0.745638
1.79769e+308,"10,32,16,4096,32,4,0,0,0",1.79769e+308,6.52976,113.849,0.82275
1.79769e+308,"10,32,16,4096,32,8,0,0,0",1.79769e+308,7.37134,125.991,0.811264
1.79769e+308,"10,32,16,4096,4,1,0,0,0",1.79769e+308,3.82883,71.7127,0.863885
1.79769e+308,"10,32,16,4096,4,2,0,0,0",1.79769e+308,4.01224,74.7483,0.860854
1.79769e+308,"10,32,16,4096,4,4,0,0,0",1.79769e+308,4.38422,80.8194,0.854824
1.79769e+308,"10,32,16,4096,64,1,0,0,0",1.79769e+308,8.56176,142.491,0.795913
1.79769e+308,"10,32,16,4096,64,16,0,0,0",1.79769e+308,12.1382,188.024,0.755038
1.79769e+308,"10,32,16,4096,64,2,0,0,0",1.79769e+308,8.78675,145.526,0.79312
1.79769e+308,"10,32,16,4096,64,32,0,0,0",1.79769e+308,16.4547,236.593,0.71375
1.79769e+308,"10,32,16,4096,64,4,0,0,0",1.79769e+308,9.24237,151.598,0.787564
1.79769e+308,"10,32,16,4096,64,64,0,0,0",1.79769e+308,26.8274,333.732,0.637823
1.79769e+308,"10,32,16,4096,64,8,0,0,0",1.79769e+308,10.1765,163.74,0.77657
1.79769e+308,"10,32,16,4096,8,1,0,0,0",1.79769e+308,4.11467,76.4312,0.859178
1.79769e+308,"10,32,16,4096,8,2,0,0,0",1.79769e+308,4.30075,79.4668,0.856164
1.79769e+308,"10,32,16,4096,8,4,0,0,0",1.79769e+308,4.67807,85.538,0.850167
1.79769e+308,"10,32,16,4096,8,8,0,0,0",1.79769e+308,5.45352,97.6802,0.838298
1.79769e+308,"10,64,16,4096,1,1,0,0,0",1.79769e+308,4.40772,80.3238,0.844811
1.79769e+308,"10,64,16,4096,16,1,0,0,0",1.79769e+308,5.54359,98.0183,0.827679
1.79769e+308,"10,64,16,4096,16,16,0,0,0",1.79769e+308,8.74761,143.552,0.785173
1.79769e+308,"10,64,16,4096,16,2,0,0,0",1.79769e+308,5.74448,101.054,0.824775
1.79769e+308,"10,64,16,4096,16,4,0,0,0",1.79769e+308,6.15162,107.125,0.818998
1.79769e+308,"10,64,16,4096,16,8,0,0,0",1.79769e+308,6.98753,119.267,0.807564
1.79769e+308,"10,64,16,4096,2,1,0,0,0",1.79769e+308,4.48159,81.5034,0.843658
1.79769e+308,"10,64,16,4096,2,2,0,0,0",1.79769e+308,4.6729,84.539,0.840698
1.79769e+308,"10,64,16,4096,32,1,0,0,0",1.79769e+308,6.82175,116.892,0.809788
1.79769e+308,"10,64,16,4096,32,16,0,0,0",1.79769e+308,10.1992,162.426,0.768201
1.79769e+308,"10,64,16,4096,32,2,0,0,0",1.79769e+308,7.03385,119.928,0.806946
1.79769e+308,"10,64,16,4096,32,32,0,0,0",1.79769e+308,14.2881,210.995,0.726193
1.79769e+308,"10,64,16,4096,32,4,0,0,0",1.79769e+308,7.46354,125.999,0.801294
1.79769e+308,"10,64,16,4096,32,8,0,0,0",1.79769e+308,8.34513,138.141,0.790107
1.79769e+308,"10,64,16,4096,4,1,0,0,0",1.79769e+308,4.63012,83.8627,0.841356
1.79769e+308,"10,64,16,4096,4,2,0,0,0",1.79769e+308,4.82279,86.8983,0.838405
1.79769e+308,"10,64,16,4096,4,4,0,0,0",1.79769e+308,5.21338,92.9694,0.832532
1.79769e+308,"10,64,16,4096,64,1,0,0,0",1.79769e+308,9.59141,154.641,0.775157
1.79769e+308,"10,64,16,4096,64,16,0,0,0",1.79769e+308,13.3316,200.174,0.735348
1.79769e+308,"10,64,16,4096,64,2,0,0,0",1.79769e+308,9.82687,157.676,0.772437
1.79769e+308,"10,64,16,4096,64,32,0,0,0",1.79769e+308,17.8396,248.743,0.695137
1.79769e+308,"10,64,16,4096,64,4,0,0,0",1.79769e+308,10.3036,163.748,0.767026
1.79769e+308,"10,64,16,4096,64,64,0,0,0",1.79769e+308,28.6562,345.882,0.62119
1.79769e+308,"10,64,16,4096,64,8,0,0,0",1.79769e+308,11.2807,175.89,0.756318
1.79769e+308,"10,64,16,4096,8,1,0,0,0",1.79769e+308,4.93036,88.5812,0.836772
1.79769e+308,"10,64,16,4096,8,2,0,0,0",1.79769e+308,5.12575,91.6168,0.833837
1.79769e+308,"10,64,16,4096,8,4,0,0,0",1.79769e+308,5.52183,97.688,0.827996
1.79769e+308,"10,64,16,4096,8,8,0,0,0",1.79769e+308,6.33534,109.83,0.816436
1.79769e+308,"10,8,16,4096,1,1,0,0,0",1.79769e+308,3.05432,59.0613,0.884795
1.79769e+308,"10,8,16,4096,16,1,0,0,0",1.79769e+308,4.09635,76.7558,0.866852
1.79769e+308,"10,8,16,4096,16,16,0,0,0",1.79769e+308,7.04607,122.289,0.822334
1.79769e+308,"10,8,16,4096,16,2,0,0,0",1.79769e+308,4.28089,79.7914,0.86381
1.79769e+308,"10,8,16,4096,16,4,0,0,0",1.79769e+308,4.6551,85.8625,0.85776
1.79769e+308,"10,8,16,4096,16,8,0,0,0",1.79769e+308,5.42413,98.0048,0.845785
1.79769e+308,"10,8,16,4096,2,1,0,0,0",1.79769e+308,3.12201,60.2409,0.883587
1.79769e+308,"10,8,16,4096,2,2,0,0,0",1.79769e+308,3.29735,63.2765,0.880487
1.79769e+308,"10,8,16,4096,32,1,0,0,0",1.79769e+308,5.27154,95.63,0.848114
1.79769e+308,"10,8,16,4096,32,16,0,0,0",1.79769e+308,8.38589,141.164,0.804558
1.79769e+308,"10,8,16,4096,32,2,0,0,0",1.79769e+308,5.46677,98.6656,0.845138
1.79769e+308,"10,8,16,4096,32,32,0,0,0",1.79769e+308,12.1677,189.733,0.760562
1.79769e+308,"10,8,16,4096,32,4,0,0,0",1.79769e+308,5.86245,104.737,0.839218
1.79769e+308,"10,8,16,4096,32,8,0,0,0",1.79769e+308,6.6749,116.879,0.827502
1.79769e+308,"10,8,16,4096,4,1,0,0,0",1.79769e+308,3.25814,62.6002,0.881177
1.79769e+308,"10,8,16,4096,4,2,0,0,0",1.79769e+308,3.43479,65.6358,0.878085
1.79769e+308,"10,8,16,4096,4,4,0,0,0",1.79769e+308,3.79316,71.7069,0.871934
1.79769e+308,"10,8,16,4096,64,1,0,0,0",1.79769e+308,7.8247,133.378,0.811844
1.79769e+308,"10,8,16,4096,64,16,0,0,0",1.79769e+308,11.2822,178.912,0.770151
1.79769e+308,"10,8,16,4096,64,2,0,0,0",1.79769e+308,8.04208,136.414,0.808995
1.79769e+308,"10,8,16,4096,64,32,0,0,0",1.79769e+308,15.4595,227.481,0.728036
1.79769e+308,"10,8,16,4096,64,4,0,0,0",1.79769e+308,8.48235,142.485,0.803328
1.79769e+308,"10,8,16,4096,64,64,0,0,0",1.79769e+308,25.5099,324.619,0.65059
1.79769e+308,"10,8,16,4096,64,8,0,0,0",1.79769e+308,9.38521,154.627,0.792113
1.79769e+308,"10,8,16,4096,8,1,0,0,0",1.79769e+308,3.53346,67.3187,0.876376
1.79769e+308,"10,8,16,4096,8,2,0,0,0",1.79769e+308,3.71274,70.3543,0.873301
1.79769e+308,"10,8,16,4096,8,4,0,0,0",1.79769e+308,4.07636,76.4255,0.867184
1.79769e+308,"10,8,16,4096,8,8,0,0,0",1.79769e+308,4.82404,88.5677,0.855077
0.437834,"12,16,16,4096,1,1,0,0,0",0.126585,3.45881,65.7186,0.873132
0.586264,"12,16,16,4096,16,1,0,0,0",0.123442,4.74931,86.952,0.851928
1.01592,"12,16,16,4096,16,16,0,0,0",0.120027,8.46408,141.592,0.7997
0.596326,"12,16,16,4096,16,2,0,0,0",0.119765,4.97913,90.5947,0.848342
0.643315,"12,16,16,4096,16,4,0,0,0",0.11812,5.44628,97.88,0.841216
0.756938,"12,16,16,4096,16,8,0,0,0",0.118071,6.41088,112.451,0.827144
0.437918,"12,16,16,4096,2,1,0,0,0",0.123627,3.54225,67.1341,0.871702
0.456309,"12,16,16,4096,2,2,0,0,0",0.121402,3.75866,70.7768,0.868034
1.79769e+308,"12,16,16,4096,32,1,0,0,0",1.79769e+308,6.21902,109.601,0.829877
1.79769e+308,"12,16,16,4096,32,16,0,0,0",1.79769e+308,10.1779,164.241,0.779001
0.834139,"12,16,16,4096,32,2,0,0,0",0.129033,6.46454,113.244,0.826385
2.07627,"12,16,16,4096,32,32,0,0,0",0.13757,15.0925,222.524,0.728167
0.934335,"12,16,16,4096,32,4,0,0,0",0.13418,6.9633,120.529,0.819443
1.09991,"12,16,16,4096,32,8,0,0,0",0.137625,7.99207,135.1,0.805734
0.45847,"12,16,16,4096,4,1,0,0,0",0.123569,3.71024,69.9652,0.86885
0.470585,"12,16,16,4096,4,2,0,0,0",0.119786,3.92855,73.6079,0.865193
0.519196,"12,16,16,4096,4,4,0,0,0",0.11874,4.37255,80.8933,0.857925
1.79769e+308,"12,16,16,4096,64,1,0,0,0",1.79769e+308,9.4582,154.899,0.787473
1.79769e+308,"12,16,16,4096,64,16,0,0,0",1.79769e+308,13.9322,209.539,0.739197
1.65537,"12,16,16,4096,64,2,0,0,0",0.170014,9.73667,158.542,0.784159
3.22463,"12,16,16,4096,64,32,0,0,0",0.165774,19.4519,267.822,0.69096
1.74768,"12,16,16,4096,64,4,0,0,0",0.169647,10.3019,165.827,0.777572
1.79769e+308,"12,16,16,4096,64,64,0,0,0",1.79769e+308,33.1498,384.388,0.603723
1.93417,"12,16,16,4096,64,8,0,0,0",0.168689,11.4659,180.398,0.764564
0.500465,"12,16,16,4096,8,1,0,0,0",0.123552,4.05064,75.6275,0.863172
0.511622,"12,16,16,4096,8,2,0,0,0",0.11974,4.27277,79.2702,0.859539
0.557654,"12,16,16,4096,8,4,0,0,0",0.118036,4.72444,86.5555,0.852319
0.665082,"12,16,16,4096,8,8,0,0,0",0.117554,5.65767,101.126,0.838061
0.495621,"12,32,16,4096,1,1,0,0,0",0.126388,3.92143,73.0086,0.859398
0.64715,"12,32,16,4096,16,1,0,0,0",0.123254,5.25054,94.242,0.838528
1.05897,"12,32,16,4096,16,16,0,0,0",0.116739,9.07123,148.882,0.787121
0.655908,"12,32,16,4096,16,2,0,0,0",0.119536,5.48711,97.8847,0.834998
0.703143,"12,32,16,4096,16,4,0,0,0",0.117821,5.96789,105.17,0.827984
0.813687,"12,32,16,4096,16,8,0,0,0",0.116905,6.96024,119.741,0.814133
0.494622,"12,32,16,4096,2,1,0,0,0",0.123427,4.0074,74.4241,0.857991
0.512704,"12,32,16,4096,2,2,0,0,0",0.121196,4.23037,78.0668,0.85438
1.79769e+308,"12,32,16,4096,32,1,0,0,0",1.79769e+308,6.7629,116.891,0.816824
1.79769e+308,"12,32,16,4096,32,16,0,0,0",1.79769e+308,10.8322,171.531,0.766748
0.835258,"12,32,16,4096,32,2,0,0,0",0.11906,7.01544,120.534,0.813386
1.89607,"12,32,16,4096,32,32,0,0,0",0.119413,15.8782,229.814,0.716713
0.885736,"12,32,16,4096,32,4,0,0,0",0.117653,7.52837,127.819,0.806553
1.0065,"12,32,16,4096,32,8,0,0,0",0.117225,8.58607,142.39,0.79306
0.515771,"12,32,16,4096,4,1,0,0,0",0.123376,4.18048,77.2552,0.855183
0.526865,"12,32,16,4096,4,2,0,0,0",0.119596,4.40537,80.8979,0.851584
0.576475,"12,32,16,4096,4,4,0,0,0",0.118552,4.86263,88.1833,0.844431
1.79769e+308,"12,32,16,4096,64,1,0,0,0",1.79769e+308,10.0928,162.189,0.775087
1.79769e+308,"12,32,16,4096,64,16,0,0,0",1.79769e+308,14.6873,216.829,0.72757
1.34762,"12,32,16,4096,64,2,0,0,0",0.129842,10.3789,165.832,0.771825
2.80088,"12,32,16,4096,64,32,0,0,0",0.137629,20.3509,275.112,0.680091
1.47179,"12,32,16,4096,64,4,0,0,0",0.134293,10.9596,173.117,0.765341
1.79769e+308,"12,32,16,4096,64,64,0,0,0",1.79769e+308,34.3919,391.678,0.594227
1.67125,"12,32,16,4096,64,8,0,0,0",0.137493,12.1551,187.688,0.752538
0.558869,"12,32,16,4096,8,1,0,0,0",0.12334,4.53113,82.9175,0.849595
0.568907,"12,32,16,4096,8,2,0,0,0",0.119521,4.75989,86.5602,0.846019
0.615592,"12,32,16,4096,8,4,0,0,0",0.117818,5.22494,93.8455,0.838913
0.725071,"12,32,16,4096,8,8,0,0,0",0.117223,6.1854,108.416,0.824878
0.618516,"12,64,16,4096,1,1,0,0,0",0.126305,4.89701,87.5886,0.832575
0.776704,"12,64,16,4096,16,1,0,0,0",0.123178,6.30554,108.822,0.812356
1.20596,"12,64,16,4096,16,16,0,0,0",0.116577,10.3447,163.462,0.762554
0.783169,"12,64,16,4096,16,2,0,0,0",0.119458,6.55602,112.465,0.808936
0.831839,"12,64,16,4096,16,4,0,0,0",0.117743,7.06487,119.75,0.802142
0.947862,"12,64,16,4096,16,8,0,0,0",0.116811,8.11449,134.321,0.788722
0.615289,"12,64,16,4096,2,1,0,0,0",0.123349,4.9882,89.0041,0.831211
0.632817,"12,64,16,4096,2,2,0,0,0",0.121122,5.22463,92.6468,0.827713
1.79769e+308,"12,64,16,4096,32,1,0,0,0",1.79769e+308,7.90582,131.471,0.791329
1.42E+00,"12,64,16,4096,32,16,0,0,0",1.16E-01,12.2032,186.111,0.742816
0.971783,"12,64,16,4096,32,2,0,0,0",0.118904,8.17284,135.114,0.787999
2.0396,"12,64,16,4096,32,32,0,0,0",0.11641,17.5209,244.394,0.694343
1.02327,"12,64,16,4096,32,4,0,0,0",0.117415,8.71503,142.399,0.781379
1.14591,"12,64,16,4096,32,8,0,0,0",0.116544,9.83244,156.97,0.768308
0.637695,"12,64,16,4096,4,1,0,0,0",0.123304,5.17173,91.8352,0.828491
0.646643,"12,64,16,4096,4,2,0,0,0",0.119524,5.41015,95.4779,0.825004
0.698386,"12,64,16,4096,4,4,0,0,0",0.118477,5.8947,102.763,0.818074
1.79769e+308,"12,64,16,4096,64,1,0,0,0",1.79769e+308,11.423,176.769,0.750895
1.79769e+308,"12,64,16,4096,64,16,0,0,0",1.79769e+308,16.2667,231.409,0.704861
1.38979,"12,64,16,4096,64,2,0,0,0",0.118533,11.7249,180.412,0.747734
2.61632,"12,64,16,4096,64,32,0,0,0",0.117706,22.2276,289.692,0.658864
1.44459,"12,64,16,4096,64,4,0,0,0",0.117089,12.3375,187.697,0.741454
1.79769e+308,"12,64,16,4096,64,64,0,0,0",1.79769e+308,36.9778,406.258,0.57568
1.59055,"12,64,16,4096,64,8,0,0,0",0.116967,13.5983,202.268,0.72905
0.683301,"12,64,16,4096,8,1,0,0,0",0.123263,5.54344,97.4975,0.823077
0.691085,"12,64,16,4096,8,2,0,0,0",0.119444,5.78585,101.14,0.819613
0.739223,"12,64,16,4096,8,4,0,0,0",0.11774,6.27844,108.426,0.812729
0.854567,"12,64,16,4096,8,8,0,0,0",0.117144,7.29501,122.996,0.799132
0.410412,"12,8,16,4096,1,1,0,0,0",0.126919,3.23365,62.0736,0.880081
0.585342,"12,8,16,4096,16,1,0,0,0",0.129929,4.50509,83.307,0.858708
1.13529,"12,8,16,4096,16,16,0,0,0",0.138998,8.16771,137.947,0.806065
0.620581,"12,8,16,4096,16,2,0,0,0",0.131157,4.73159,86.9497,0.855094
0.71368,"12,8,16,4096,16,4,0,0,0",0.137457,5.19203,94.235,0.847912
0.852247,"12,8,16,4096,16,8,0,0,0",0.138736,6.14294,108.806,0.833727
0.411044,"12,8,16,4096,2,1,0,0,0",0.123964,3.31584,63.4891,0.87864
0.429604,"12,8,16,4096,2,2,0,0,0",0.121735,3.52901,67.1318,0.874942
1.79769e+308,"12,8,16,4096,32,1,0,0,0",1.79769e+308,5.95378,105.956,0.836482
1.79769e+308,"12,8,16,4096,32,16,0,0,0",1.79769e+308,9.85833,160.596,0.785201
1.04842,"12,8,16,4096,32,2,0,0,0",0.169213,6.19585,109.599,0.832962
2.47412,"12,8,16,4096,32,32,0,0,0",0.168213,14.7083,218.879,0.733962
1.12578,"12,8,16,4096,32,4,0,0,0",0.168338,6.68763,116.884,0.825965
1.28903,"12,8,16,4096,32,8,0,0,0",0.16736,7.70216,131.455,0.812147
0.431341,"12,8,16,4096,4,1,0,0,0",0.123902,3.48131,66.3202,0.875765
0.444004,"12,8,16,4096,4,2,0,0,0",0.120119,3.69637,69.9629,0.872079
0.492223,"12,8,16,4096,4,4,0,0,0",0.119072,4.13382,77.2483,0.864753
1.79769e+308,"12,8,16,4096,64,1,0,0,0",1.79769e+308,9.14831,151.254,0.793741
1.79769e+308,"12,8,16,4096,64,16,0,0,0",1.79769e+308,13.563,205.894,0.74508
1.83227,"12,8,16,4096,64,2,0,0,0",0.194446,9.42303,154.897,0.7904
3.69369,"12,8,16,4096,64,32,0,0,0",0.194282,19.012,264.177,0.696459
1.99133,"12,8,16,4096,64,4,0,0,0",0.199519,9.98065,162.182,0.783761
1.79769e+308,"12,8,16,4096,64,64,0,0,0",1.79769e+308,32.5411,380.743,0.608528
2.22386,"12,8,16,4096,64,8,0,0,0",0.199823,11.1291,176.753,0.770649
0.473334,"12,8,16,4096,8,1,0,0,0",0.124018,3.81666,71.9825,0.870042
0.484976,"12,8,16,4096,8,2,0,0,0",0.120177,4.03552,75.6252,0.86638
0.534606,"12,8,16,4096,8,4,0,0,0",0.119316,4.48059,82.9105,0.859103
0.648599,"12,8,16,4096,8,8,0,0,0",0.120102,5.4004,97.4813,0.844731
0.470912,"16,16,16,4096,1,1,0,0,0",0.120478,3.90869,72.9581,0.861575
0.677998,"16,16,16,4096,16,1,0,0,0",0.119049,5.69511,101.269,0.83379
1.3062,"16,16,16,4096,16,16,0,0,0",0.118601,11.0134,174.123,0.766342
0.706108,"16,16,16,4096,16,2,0,0,0",0.117355,6.01686,106.126,0.829115
0.778223,"16,16,16,4096,16,4,0,0,0",0.116605,6.67401,115.84,0.819842
0.942431,"16,16,16,4096,16,8,0,0,0",0.117162,8.04383,135.268,0.801606
0.478666,"16,16,16,4096,2,1,0,0,0",0.118979,4.02311,74.8455,0.859694
0.509277,"16,16,16,4096,2,2,0,0,0",0.117872,4.3206,79.7024,0.854873
1.79769e+308,"16,16,16,4096,32,1,0,0,0",1.79769e+308,7.77002,131.468,0.80514
1.79769e+308,"16,16,16,4096,32,16,0,0,0",1.79769e+308,13.5435,204.322,0.740009
1.03766,"16,16,16,4096,32,2,0,0,0",0.127782,8.12053,136.325,0.800625
2.90139,"16,16,16,4096,32,32,0,0,0",0.137981,21.0275,282.032,0.676333
1.1734,"16,16,16,4096,32,4,0,0,0",0.1328,8.83582,146.039,0.791671
1.41871,"16,16,16,4096,32,8,0,0,0",0.137411,10.3245,165.466,0.774062
0.506108,"16,16,16,4096,4,1,0,0,0",0.118974,4.25394,78.6203,0.855945
0.533883,"16,16,16,4096,4,2,0,0,0",0.117212,4.55485,83.4772,0.851145
0.602776,"16,16,16,4096,4,4,0,0,0",0.116592,5.16996,93.1911,0.841626
1.79769e+308,"16,16,16,4096,64,1,0,0,0",1.79769e+308,12.4756,191.865,0.75076
1.79769e+308,"16,16,16,4096,64,16,0,0,0",1.79769e+308,19.2321,264.719,0.690028
2.19413,"16,16,16,4096,64,2,0,0,0",0.170247,12.8879,196.722,0.74655
4.62141,"16,16,16,4096,64,32,0,0,0",0.165554,27.9148,342.43,0.630652
2.33091,"16,16,16,4096,64,4,0,0,0",0.169789,13.7283,206.436,0.7382
1.79769e+308,"16,16,16,4096,64,64,0,0,0",1.79769e+308,50.7954,497.851,0.526789
2.61328,"16,16,16,4096,64,8,0,0,0",0.168888,15.4735,225.864,0.72178
0.562002,"16,16,16,4096,8,1,0,0,0",0.118978,4.72358,86.17,0.848496
0.589738,"16,16,16,4096,8,2,0,0,0",0.117212,5.03138,91.0269,0.843737
0.658165,"16,16,16,4096,8,4,0,0,0",0.116276,5.66037,100.741,0.834301
0.808601,"16,16,16,4096,8,8,0,0,0",0.115966,6.97274,120.168,0.815743
0.547276,"16,32,16,4096,1,1,0,0,0",0.120286,4.54979,82.6781,0.843553
0.761205,"16,32,16,4096,16,1,0,0,0",0.118816,6.40658,110.989,0.816349
1.38177,"16,32,16,4096,16,16,0,0,0",0.115889,11.9233,183.843,0.750312
0.788889,"16,32,16,4096,16,2,0,0,0",0.117033,6.74074,115.846,0.811772
0.862059,"16,32,16,4096,16,4,0,0,0",0.116133,7.42303,125.56,0.802693
1.02351,"16,32,16,4096,16,8,0,0,0",0.115723,8.8445,144.988,0.784838
0.55464,"16,32,16,4096,2,1,0,0,0",0.118797,4.6688,84.5655,0.841712
0.585886,"16,32,16,4096,2,2,0,0,0",0.117691,4.97817,89.4224,0.836991
1.79769e+308,"16,32,16,4096,32,1,0,0,0",1.79769e+308,8.56044,141.188,0.788299
1.79769e+308,"16,32,16,4096,32,16,0,0,0",1.79769e+308,14.5442,214.042,0.72453
1.04617,"16,32,16,4096,32,2,0,0,0",0.11723,8.92406,146.045,0.783878
2.62699,"16,32,16,4096,32,32,0,0,0",0.117863,22.2885,291.752,0.662186
1.1267,"16,32,16,4096,32,4,0,0,0",0.116564,9.66594,155.759,0.775111
1.30904,"16,32,16,4096,32,8,0,0,0",0.116781,11.2094,175.186,0.75787
0.583113,"16,32,16,4096,4,1,0,0,0",0.118788,4.90886,88.3403,0.838041
0.611056,"16,32,16,4096,4,2,0,0,0",0.117022,5.22172,93.1972,0.833341
0.682263,"16,32,16,4096,4,4,0,0,0",0.116407,5.86102,102.911,0.824021
1.79769e+308,"16,32,16,4096,64,1,0,0,0",1.79769e+308,13.4382,201.585,0.735055
1.79769e+308,"16,32,16,4096,64,16,0,0,0",1.79769e+308,20.4316,274.439,0.675594
1.79896,"16,32,16,4096,64,2,0,0,0",0.129746,13.8652,206.442,0.730933
4.06958,"16,32,16,4096,64,32,0,0,0",0.138383,29.4081,352.15,0.617461
1.97512,"16,32,16,4096,64,4,0,0,0",0.134038,14.7355,216.156,0.722759
1.79769e+308,"16,32,16,4096,64,64,0,0,0",1.79769e+308,53.0308,507.571,0.51577
2.2865,"16,32,16,4096,64,8,0,0,0",0.138221,16.5423,235.584,0.706682
0.641162,"16,32,16,4096,8,1,0,0,0",0.118797,5.39712,95.89,0.830747
0.66905,"16,32,16,4096,8,2,0,0,0",0.117028,5.71701,100.747,0.826088
0.739564,"16,32,16,4096,8,4,0,0,0",0.116092,6.3705,110.461,0.816849
0.895355,"16,32,16,4096,8,8,0,0,0",0.115782,7.73311,129.888,0.79868
0.712162,"16,64,16,4096,1,1,0,0,0",0.120214,5.92412,102.118,0.808632
0.94121,"16,64,16,4096,16,1,0,0,0",0.11873,7.92731,130.429,0.782554
1.60045,"16,64,16,4096,16,16,0,0,0",0.115488,13.8581,203.283,0.719251
0.96922,"16,64,16,4096,16,2,0,0,0",0.116952,8.28733,135.286,0.778166
1.04706,"16,64,16,4096,16,4,0,0,0",0.116056,9.02204,145,0.769463
1.21977,"16,64,16,4096,16,8,0,0,0",0.115604,10.5513,164.428,0.752348
0.718543,"16,64,16,4096,2,1,0,0,0",0.118715,6.05267,104.005,0.806867
0.75115,"16,64,16,4096,2,2,0,0,0",0.117611,6.38674,108.862,0.802342
1.79769e+308,"16,64,16,4096,32,1,0,0,0",1.79769e+308,10.2458,160.628,0.755665
1.79769e+308,"16,64,16,4096,32,16,0,0,0",1.79769e+308,16.6688,233.482,0.694536
1.24275,"16,64,16,4096,32,2,0,0,0",0.116835,10.6368,165.485,0.751427
2.89014,"16,64,16,4096,32,32,0,0,0",0.115803,24.9574,311.192,0.634773
1.32659,"16,64,16,4096,32,4,0,0,0",0.116019,11.4342,175.199,0.743023
1.51345,"16,64,16,4096,32,8,0,0,0",0.115602,13.0919,194.626,0.726496
0.749318,"16,64,16,4096,4,1,0,0,0",0.118715,6.31191,107.78,0.803348
0.777679,"16,64,16,4096,4,2,0,0,0",0.116951,6.64962,112.637,0.798843
0.853795,"16,64,16,4096,4,4,0,0,0",0.116333,7.33923,122.351,0.789908
1.79769e+308,"16,64,16,4096,64,1,0,0,0",1.79769e+308,15.4831,221.025,0.704626
1.79769e+308,"16,64,16,4096,64,16,0,0,0",1.79769e+308,22.9718,293.879,0.647626
1.86882,"16,64,16,4096,64,2,0,0,0",0.117234,15.941,225.882,0.700674
3.83329,"16,64,16,4096,64,32,0,0,0",0.117722,32.5623,371.59,0.591899
1.96978,"16,64,16,4096,64,4,0,0,0",0.116736,16.8738,235.596,0.692838
1.79769e+308,"16,64,16,4096,64,64,0,0,0",1.79769e+308,57.7352,527.011,0.494418
2.19835,"16,64,16,4096,64,8,0,0,0",0.116875,18.8094,255.024,0.677427
0.811919,"16,64,16,4096,8,1,0,0,0",0.118721,6.83888,115.33,0.796356
0.840141,"16,64,16,4096,8,2,0,0,0",0.116947,7.18394,120.187,0.79189
0.915184,"16,64,16,4096,8,4,0,0,0",0.116016,7.88843,129.901,0.783034
1.08252,"16,64,16,4096,8,8,0,0,0",0.115706,9.35579,149.328,0.765616
0.434829,"16,8,16,4096,1,1,0,0,0",0.12081,3.59928,68.0981,0.87073
0.679133,"16,8,16,4096,16,1,0,0,0",0.126913,5.35117,96.4093,0.84265
1.46646,"16,8,16,4096,16,16,0,0,0",0.138708,10.5723,169.263,0.774485
0.732212,"16,8,16,4096,16,2,0,0,0",0.12921,5.66683,101.266,0.837925
0.859889,"16,8,16,4096,16,4,0,0,0",0.136238,6.31166,110.98,0.828553
1.05976,"16,8,16,4096,16,8,0,0,0",0.138419,7.65619,130.408,0.810124
0.44282,"16,8,16,4096,2,1,0,0,0",0.119312,3.71144,69.9855,0.868829
0.473185,"16,8,16,4096,2,2,0,0,0",0.118205,4.00309,74.8424,0.863957
1.79769e+308,"16,8,16,4096,32,1,0,0,0",1.79769e+308,7.3874,126.608,0.813696
1.79769e+308,"16,8,16,4096,32,16,0,0,0",1.79769e+308,13.0581,199.462,0.747873
1.30844,"16,8,16,4096,32,2,0,0,0",0.169235,7.73149,131.465,0.809133
3.4022,"16,8,16,4096,32,32,0,0,0",0.166655,20.4146,277.172,0.68352
1.42087,"16,8,16,4096,32,4,0,0,0",0.168474,8.43376,141.179,0.800083
1.65948,"16,8,16,4096,32,8,0,0,0",0.167697,9.89573,160.606,0.782287
0.469796,"16,8,16,4096,4,1,0,0,0",0.119306,3.93774,73.7603,0.86504
0.497529,"16,8,16,4096,4,2,0,0,0",0.117542,4.23278,78.6172,0.860189
0.565447,"16,8,16,4096,4,4,0,0,0",0.116924,4.83602,88.3311,0.850569
1.79769e+308,"16,8,16,4096,64,1,0,0,0",1.79769e+308,12.0088,187.005,0.758737
1.79769e+308,"16,8,16,4096,64,16,0,0,0",1.79769e+308,18.6494,259.859,0.69736
2.41743,"16,8,16,4096,64,2,0,0,0",0.194737,12.4138,191.862,0.754482
5.27694,"16,8,16,4096,64,32,0,0,0",0.194088,27.1884,337.57,0.637354
2.64882,"16,8,16,4096,64,4,0,0,0",0.200068,13.2396,201.576,0.746044
1.79769e+308,"16,8,16,4096,64,64,0,0,0",1.79769e+308,49.7059,492.991,0.532387
2.99339,"16,8,16,4096,64,8,0,0,0",0.200165,14.9546,221.004,0.72945
0.525198,"16,8,16,4096,8,1,0,0,0",0.119411,4.39824,81.31,0.857512
0.552769,"16,8,16,4096,8,2,0,0,0",0.117608,4.7001,86.1669,0.852703
0.622609,"16,8,16,4096,8,4,0,0,0",0.117096,5.31709,95.8807,0.843166
0.777218,"16,8,16,4096,8,8,0,0,0",0.117674,6.60484,115.308,0.824411
0.390831,"2,16,16,4096,1,1,0,0,0",0.163209,2.39467,47.6198,0.902708
0.388222,"2,16,16,4096,16,1,0,0,0",0.149906,2.58977,51.1587,0.899017
0.410584,"2,16,16,4096,16,16,0,0,0",0.13235,3.10226,60.2654,0.889587
0.35459,"2,16,16,4096,16,2,0,0,0",0.135161,2.62347,51.7658,0.898385
0.343579,"2,16,16,4096,16,4,0,0,0",0.127674,2.69106,52.98,0.897123
0.360739,"2,16,16,4096,16,8,0,0,0",0.127602,2.82706,55.4085,0.894604
0.364287,"2,16,16,4096,2,1,0,0,0",0.151307,2.4076,47.8557,0.902462
0.347502,"2,16,16,4096,2,2,0,0,0",0.142364,2.44094,48.4628,0.901828
4.12E-01,"2,16,16,4096,32,1,0,0,0",1.47E-01,2.80038,54.9335,0.895096
1.79769e+308,"2,16,16,4096,32,16,0,0,0",1.79769e+308,3.3191,64.0402,0.885708
0.393402,"2,16,16,4096,32,2,0,0,0",0.138791,2.83449,55.5406,0.894467
0.607416,"2,16,16,4096,32,32,0,0,0",0.156188,3.889,73.754,0.875802
0.415895,"2,16,16,4096,32,4,0,0,0",0.143268,2.90292,56.7548,0.893211
0.451264,"2,16,16,4096,32,8,0,0,0",0.148414,3.04058,59.1833,0.890703
0.367647,"2,16,16,4096,4,1,0,0,0",0.151077,2.43351,48.3275,0.901969
0.335159,"2,16,16,4096,4,2,0,0,0",0.135863,2.46689,48.9347,0.901335
0.333573,"2,16,16,4096,4,4,0,0,0",0.131646,2.53387,50.1489,0.900069
1.79769e+308,"2,16,16,4096,64,1,0,0,0",1.79769e+308,3.22934,62.4832,0.887306
1.79769e+308,"2,16,16,4096,64,16,0,0,0",1.79769e+308,3.76055,71.5899,0.877999
0.583694,"2,16,16,4096,64,2,0,0,0",0.178812,3.26429,63.0903,0.886682
0.781961,"2,16,16,4096,64,32,0,0,0",0.180016,4.34384,81.3037,0.868179
0.595286,"2,16,16,4096,64,4,0,0,0",0.17853,3.33438,64.3045,0.885437
1.79769e+308,"2,16,16,4096,64,64,0,0,0",1.79769e+308,5.56269,100.731,0.848868
0.622621,"2,16,16,4096,64,8,0,0,0",0.179153,3.47536,66.733,0.882951
0.375154,"2,16,16,4096,8,1,0,0,0",0.150941,2.48543,49.2712,0.900984
0.341511,"2,16,16,4096,8,2,0,0,0",0.135578,2.51892,49.8784,0.900351
0.330711,"2,16,16,4096,8,4,0,0,0",0.12788,2.5861,51.0926,0.899086
0.343506,"2,16,16,4096,8,8,0,0,0",0.12623,2.72127,53.521,0.896561
0.401758,"2,32,16,4096,1,1,0,0,0",0.163022,2.46444,48.8348,0.900326
0.399473,"2,32,16,4096,16,1,0,0,0",0.150146,2.66056,52.3737,0.896645
0.391499,"2,32,16,4096,16,16,0,0,0",0.12328,3.17569,61.4804,0.88724
0.36422,"2,32,16,4096,16,2,0,0,0",0.135175,2.69443,52.9808,0.896014
0.35206,"2,32,16,4096,16,4,0,0,0",0.127448,2.76238,54.195,0.894756
0.361095,"2,32,16,4096,16,8,0,0,0",0.124555,2.89908,56.6235,0.892243
0.374391,"2,32,16,4096,2,1,0,0,0",0.15112,2.47744,49.0707,0.90008
0.357002,"2,32,16,4096,2,2,0,0,0",0.142178,2.51095,49.6778,0.899448
1.79769e+308,"2,32,16,4096,32,1,0,0,0",1.79769e+308,2.87226,56.1485,0.892734
1.79769e+308,"2,32,16,4096,32,16,0,0,0",1.79769e+308,3.39363,65.2552,0.88337
0.385842,"2,32,16,4096,32,2,0,0,0",0.132749,2.90655,56.7556,0.892107
0.51646,"2,32,16,4096,32,32,0,0,0",0.130209,3.9664,74.969,0.873491
0.373978,"2,32,16,4096,32,4,0,0,0",0.125693,2.97533,57.9698,0.890853
0.384305,"2,32,16,4096,32,8,0,0,0",0.123424,3.11369,60.3983,0.888352
0.37775,"2,32,16,4096,4,1,0,0,0",0.15089,2.50348,49.5425,0.899589
0.344216,"2,32,16,4096,4,2,0,0,0",0.135676,2.53704,50.1497,0.898956
0.342362,"2,32,16,4096,4,4,0,0,0",0.131457,2.60437,51.3639,0.897693
1.79769e+308,"2,32,16,4096,64,1,0,0,0",1.79769e+308,3.30342,63.6982,0.884964
1.79769e+308,"2,32,16,4096,64,16,0,0,0",1.79769e+308,3.8373,72.8049,0.875682
0.455841,"2,32,16,4096,64,2,0,0,0",0.136539,3.33854,64.3053,0.884343
0.645023,"2,32,16,4096,64,32,0,0,0",0.145818,4.42348,82.5187,0.865888
0.475738,"2,32,16,4096,64,4,0,0,0",0.139554,3.40899,65.5195,0.8831
1.79769e+308,"2,32,16,4096,64,64,0,0,0",1.79769e+308,5.64823,101.946,0.846628
0.50931,"2,32,16,4096,64,8,0,0,0",0.14344,3.55068,67.948,0.88062
0.385287,"2,32,16,4096,8,1,0,0,0",0.150757,2.55568,50.4862,0.898606
0.350574,"2,32,16,4096,8,2,0,0,0",0.135391,2.58935,51.0934,0.897975
0.339265,"2,32,16,4096,8,4,0,0,0",0.127693,2.65688,52.3076,0.896713
0.352017,"2,32,16,4096,8,8,0,0,0",0.126047,2.79275,54.736,0.894195
0.424512,"2,64,16,4096,1,1,0,0,0",0.162942,2.60529,51.2648,0.89558
0.420691,"2,64,16,4096,16,1,0,0,0",0.150061,2.80346,54.8037,0.891918
0.409497,"2,64,16,4096,16,16,0,0,0",0.123198,3.3239,63.9104,0.882563
0.383346,"2,64,16,4096,16,2,0,0,0",0.135091,2.83769,55.4108,0.891292
0.370158,"2,64,16,4096,16,4,0,0,0",0.127362,2.90634,56.625,0.890039
0.378946,"2,64,16,4096,16,8,0,0,0",0.124471,3.04445,59.0535,0.88754
0.395485,"2,64,16,4096,2,1,0,0,0",0.151039,2.61843,51.5007,0.895336
0.376878,"2,64,16,4096,2,2,0,0,0",0.142095,2.65229,52.1078,0.894707
1.79769e+308,"2,64,16,4096,32,1,0,0,0",1.79769e+308,3.01736,58.5785,0.888029
1.79769e+308,"2,64,16,4096,32,16,0,0,0",1.79769e+308,3.54405,67.6852,0.878714
0.404985,"2,64,16,4096,32,2,0,0,0",0.132695,3.052,59.1856,0.887405
0.50298,"2,64,16,4096,32,32,0,0,0",0.122007,4.12255,77.399,0.868887
0.392165,"2,64,16,4096,32,4,0,0,0",0.125634,3.12149,60.3998,0.886158
0.400598,"2,64,16,4096,32,8,0,0,0",0.122835,3.26127,62.8283,0.88367
0.398849,"2,64,16,4096,4,1,0,0,0",0.150808,2.64474,51.9725,0.894847
0.363213,"2,64,16,4096,4,2,0,0,0",0.135595,2.67866,52.5797,0.894218
0.360849,"2,64,16,4096,4,4,0,0,0",0.131376,2.74669,53.7939,0.892962
1.79769e+308,"2,64,16,4096,64,1,0,0,0",1.79769e+308,3.45292,66.1282,0.8803
1.79769e+308,"2,64,16,4096,64,16,0,0,0",1.79769e+308,3.99217,75.2349,0.871066
0.45523,"2,64,16,4096,64,2,0,0,0",0.130498,3.4884,66.7353,0.879681
0.556983,"2,64,16,4096,64,32,0,0,0",0.121502,4.58415,84.9487,0.861324
0.436609,"2,64,16,4096,64,4,0,0,0",0.122658,3.55956,67.9495,0.878445
1.79769e+308,"2,64,16,4096,64,64,0,0,0",1.79769e+308,5.82076,104.376,0.842166
0.443267,"2,64,16,4096,64,8,0,0,0",0.119715,3.70268,70.378,0.875979
0.406441,"2,64,16,4096,8,1,0,0,0",0.150674,2.69749,52.9162,0.89387
0.369597,"2,64,16,4096,8,2,0,0,0",0.135309,2.73151,53.5234,0.893241
0.357278,"2,64,16,4096,8,4,0,0,0",0.127611,2.79974,54.7376,0.891987
0.369962,"2,64,16,4096,8,8,0,0,0",0.125965,2.93702,57.166,0.889482
0.385877,"2,8,16,4096,1,1,0,0,0",0.163511,2.35995,47.0123,0.903902
0.379857,"2,8,16,4096,16,1,0,0,0",0.148699,2.55454,50.5512,0.900206
0.50724,"2,8,16,4096,16,16,0,0,0",0.165456,3.06571,59.6579,0.890763
0.368819,"2,8,16,4096,16,2,0,0,0",0.142503,2.58815,51.1583,0.899573
0.392976,"2,8,16,4096,16,4,0,0,0",0.147982,2.65557,52.3725,0.898309
0.437127,"2,8,16,4096,16,8,0,0,0",0.156608,2.79121,54.801,0.895787
0.359792,"2,8,16,4096,2,1,0,0,0",0.151629,2.37285,47.2482,0.903655
0.343292,"2,8,16,4096,2,2,0,0,0",0.142676,2.40609,47.8553,0.90302
1.79769e+308,"2,8,16,4096,32,1,0,0,0",1.79769e+308,2.7646,54.326,0.89628
1.79769e+308,"2,8,16,4096,32,16,0,0,0",1.79769e+308,3.282,63.4327,0.886879
0.507982,"2,8,16,4096,32,2,0,0,0",0.181511,2.79863,54.9331,0.89565
0.733112,"2,8,16,4096,32,32,0,0,0",0.190395,3.85048,73.1465,0.87696
0.520551,"2,8,16,4096,32,4,0,0,0",0.181574,2.86688,56.1473,0.894391
0.547095,"2,8,16,4096,32,8,0,0,0",0.182111,3.00418,58.5758,0.89188
0.363124,"2,8,16,4096,4,1,0,0,0",0.151385,2.39868,47.72,0.903161
0.331165,"2,8,16,4096,4,2,0,0,0",0.136171,2.43198,48.3272,0.902527
0.329709,"2,8,16,4096,4,4,0,0,0",0.131948,2.49878,49.5414,0.901259
1.79769e+308,"2,8,16,4096,64,1,0,0,0",1.79769e+308,3.19247,61.8757,0.888479
1.79769e+308,"2,8,16,4096,64,16,0,0,0",1.79769e+308,3.72234,70.9824,0.87916
0.661018,"2,8,16,4096,64,2,0,0,0",0.204819,3.22733,62.4828,0.887855
0.920121,"2,8,16,4096,64,32,0,0,0",0.213773,4.3042,80.6962,0.869327
0.699628,"2,8,16,4096,64,4,0,0,0",0.212186,3.29724,63.697,0.886607
1.79769e+308,"2,8,16,4096,64,64,0,0,0",1.79769e+308,5.5201,100.124,0.849991
0.74325,"2,8,16,4096,64,8,0,0,0",0.216195,3.43787,66.1255,0.884118
0.37196,"2,8,16,4096,8,1,0,0,0",0.151791,2.45047,48.6637,0.902175
0.338535,"2,8,16,4096,8,2,0,0,0",0.136293,2.48388,49.2709,0.901541
0.331806,"2,8,16,4096,8,4,0,0,0",0.130075,2.55088,50.4851,0.900274
0.354171,"2,8,16,4096,8,8,0,0,0",0.131873,2.6857,52.9135,0.897747
0.526823,"20,16,16,4096,1,1,0,0,0",0.120479,4.37273,80.1976,0.850171
0.796606,"20,16,16,4096,16,1,0,0,0",0.119081,6.68962,115.587,0.816039
1.64198,"20,16,16,4096,16,16,0,0,0",0.118851,13.8155,206.654,0.734375
0.835332,"20,16,16,4096,16,2,0,0,0",0.117463,7.11145,121.658,0.810323
0.933164,"20,16,16,4096,16,4,0,0,0",0.116981,7.97706,133.8,0.79901
1.15115,"20,16,16,4096,16,8,0,0,0",0.117489,9.79796,158.085,0.776857
0.537826,"20,16,16,4096,2,1,0,0,0",0.118994,4.51977,82.5569,0.847852
0.578026,"20,16,16,4096,2,2,0,0,0",0.117893,4.90297,88.628,0.841913
1.79769e+308,"20,16,16,4096,32,1,0,0,0",1.79769e+308,9.43226,153.335,0.781141
1.79769e+308,"20,16,16,4096,32,16,0,0,0",1.79769e+308,17.3065,244.402,0.702969
1.2664,"20,16,16,4096,32,2,0,0,0",0.127912,9.90054,159.406,0.775669
3.85904,"20,16,16,4096,32,32,0,0,0",0.1381,27.9438,341.54,0.628189
1.44481,"20,16,16,4096,32,4,0,0,0",0.133035,10.8604,171.548,0.76484
1.77464,"20,16,16,4096,32,8,0,0,0",0.137831,12.8755,195.833,0.743634
0.57314,"20,16,16,4096,4,1,0,0,0",0.118983,4.81699,87.2754,0.843232
0.61028,"20,16,16,4096,4,2,0,0,0",0.117235,5.20562,93.3465,0.837325
0.70004,"20,16,16,4096,4,4,0,0,0",0.116596,6.00398,105.489,0.825636
1.79769e+308,"20,16,16,4096,64,1,0,0,0",1.79769e+308,15.8258,228.832,0.715758
1.79769e+308,"20,16,16,4096,64,16,0,0,0",1.79769e+308,25.3532,319.899,0.644129
2.78729,"20,16,16,4096,64,2,0,0,0",0.169996,16.3962,234.903,0.710744
6.28647,"20,16,16,4096,64,32,0,0,0",0.16508,38.0814,417.037,0.575609
2.97786,"20,16,16,4096,64,4,0,0,0",0.169547,17.5636,247.045,0.700821
1.79769e+308,"20,16,16,4096,64,64,0,0,0",1.79769e+308,73.6007,611.313,0.459659
3.37367,"20,16,16,4096,64,8,0,0,0",0.168622,20.0073,271.33,0.68139
0.645468,"20,16,16,4096,8,1,0,0,0",0.119,5.4241,96.7125,0.834069
0.682736,"20,16,16,4096,8,2,0,0,0",0.117235,5.82366,102.784,0.828226
0.772774,"20,16,16,4096,8,4,0,0,0",0.116309,6.64414,114.926,0.816664
0.971839,"20,16,16,4096,8,8,0,0,0",0.116078,8.37229,139.21,0.794021
0.626139,"20,32,16,4096,1,1,0,0,0",0.120293,5.20511,92.3476,0.828
0.907254,"20,32,16,4096,16,1,0,0,0",0.11883,7.63489,127.737,0.794758
1.74613,"20,32,16,4096,16,16,0,0,0",0.11573,15.088,218.804,0.715224
0.945414,"20,32,16,4096,16,2,0,0,0",0.117053,8.07681,133.808,0.789191
1.04352,"20,32,16,4096,16,4,0,0,0",0.116163,8.98327,145.95,0.778173
1.26001,"20,32,16,4096,16,8,0,0,0",0.115717,10.8888,170.235,0.756598
0.636748,"20,32,16,4096,2,1,0,0,0",0.118808,5.35947,94.7069,0.825741
0.678185,"20,32,16,4096,2,2,0,0,0",0.117707,5.76163,100.778,0.819957
1.79769e+308,"20,32,16,4096,32,1,0,0,0",1.79769e+308,10.5062,165.485,0.76077
1.79769e+308,"20,32,16,4096,32,16,0,0,0",1.79769e+308,18.7328,256.552,0.684637
1.28972,"20,32,16,4096,32,2,0,0,0",0.117289,10.9961,171.556,0.755441
3.51404,"20,32,16,4096,32,32,0,0,0",0.117827,29.8237,353.69,0.611807
1.39981,"20,32,16,4096,32,4,0,0,0",0.116652,11.9998,183.698,0.744894
1.64658,"20,32,16,4096,32,8,0,0,0",0.116729,14.106,207.983,0.724241
0.673725,"20,32,16,4096,4,1,0,0,0",0.118793,5.67142,99.4254,0.821242
0.711552,"20,32,16,4096,4,2,0,0,0",0.117048,6.07915,105.497,0.815489
0.805109,"20,32,16,4096,4,4,0,0,0",0.116407,6.91633,117.639,0.804105
1.79769e+308,"20,32,16,4096,64,1,0,0,0",1.79769e+308,17.1873,240.982,0.697092
1.79769e+308,"20,32,16,4096,64,16,0,0,0",1.79769e+308,27.1243,332.049,0.627331
2.3077,"20,32,16,4096,64,2,0,0,0",0.129772,17.7827,247.053,0.692209
5.58028,"20,32,16,4096,64,32,0,0,0",0.138196,40.3795,429.187,0.560598
2.54669,"20,32,16,4096,64,4,0,0,0",0.134028,19.0011,259.195,0.682545
1.79769e+308,"20,32,16,4096,64,64,0,0,0",1.79769e+308,77.3059,623.463,0.447672
2.9742,"20,32,16,4096,64,8,0,0,0",0.13801,21.5506,283.48,0.663621
0.749509,"20,32,16,4096,8,1,0,0,0",0.118813,6.30831,108.862,0.812317
0.787416,"20,32,16,4096,8,2,0,0,0",0.117048,6.72729,114.934,0.806627
0.880992,"20,32,16,4096,8,4,0,0,0",0.116115,7.58724,127.076,0.795366
1.08811,"20,32,16,4096,8,8,0,0,0",0.115793,9.39701,151.36,0.773314
0.843743,"20,64,16,4096,1,1,0,0,0",0.120222,7.01821,116.648,0.785377
1.15015,"20,64,16,4096,16,1,0,0,0",0.118749,9.68558,152.037,0.753847
2.05939,"20,64,16,4096,16,16,0,0,0",0.115504,17.8296,243.104,0.678407
1.18959,"20,64,16,4096,16,2,0,0,0",0.116972,10.1698,158.108,0.748566
1.2958,"20,64,16,4096,16,4,0,0,0",0.116085,11.1625,170.25,0.738116
1.53176,"20,64,16,4096,16,8,0,0,0",0.115635,13.2465,194.535,0.71765
0.853424,"20,64,16,4096,2,1,0,0,0",0.11873,7.18794,119.007,0.783235
0.897482,"20,64,16,4096,2,2,0,0,0",0.117626,7.62996,125.078,0.777748
1.79769e+308,"20,64,16,4096,32,1,0,0,0",1.79769e+308,12.8284,189.785,0.721608
1.79769e+308,"20,64,16,4096,32,16,0,0,0",1.79769e+308,21.7995,280.852,0.649394
1.56214,"20,64,16,4096,32,2,0,0,0",0.116893,13.3638,195.856,0.716553
3.9153,"20,64,16,4096,32,32,0,0,0",0.11567,33.8489,377.99,0.580314
1.6783,"20,64,16,4096,32,4,0,0,0",0.116062,14.4604,207.998,0.70655
1.93823,"20,64,16,4096,32,8,0,0,0",0.115654,16.7589,232.283,0.68696
0.89406,"20,64,16,4096,4,1,0,0,0",0.11872,7.53083,123.725,0.778967
0.933298,"20,64,16,4096,4,2,0,0,0",0.116973,7.97875,129.797,0.773511
1.03505,"20,64,16,4096,4,4,0,0,0",0.116329,8.89765,141.939,0.762712
1.79769e+308,"20,64,16,4096,64,1,0,0,0",1.79769e+308,20.1169,265.282,0.661208
1.79769e+308,"20,64,16,4096,64,16,0,0,0",1.79769e+308,30.9196,356.349,0.595039
2.43341,"20,64,16,4096,64,2,0,0,0",0.117186,20.7653,271.353,0.656576
5.32235,"20,64,16,4096,64,32,0,0,0",0.117522,45.2881,453.487,0.53174
2.57714,"20,64,16,4096,64,4,0,0,0",0.116657,22.0916,283.495,0.64741
1.79769e+308,"20,64,16,4096,64,64,0,0,0",1.79769e+308,85.1841,647.763,0.424627
2.90311,"20,64,16,4096,64,8,0,0,0",0.116756,24.8647,307.78,0.62946
0.977276,"20,64,16,4096,8,1,0,0,0",0.11874,8.23038,133.162,0.770502
1.01653,"20,64,16,4096,8,2,0,0,0",0.116974,8.69024,139.234,0.765105
1.11783,"20,64,16,4096,8,4,0,0,0",0.116038,9.63335,151.376,0.754424
1.3441,"20,64,16,4096,8,8,0,0,0",0.115718,11.6153,175.66,0.733506
0.480135,"20,8,16,4096,1,1,0,0,0",0.12081,3.9743,74.1226,0.861478
0.792571,"20,8,16,4096,16,1,0,0,0",0.127094,6.2361,109.512,0.826892
1.83166,"20,8,16,4096,16,16,0,0,0",0.138734,13.2027,200.579,0.744142
0.857817,"20,8,16,4096,16,2,0,0,0",0.129031,6.64815,115.583,0.8211
1.02033,"20,8,16,4096,16,4,0,0,0",0.136155,7.49386,127.725,0.809637
1.2813,"20,8,16,4096,16,8,0,0,0",0.138167,9.27358,152.01,0.787189
0.49136,"20,8,16,4096,2,1,0,0,0",0.119327,4.11776,76.4819,0.859128
0.531026,"20,8,16,4096,2,2,0,0,0",0.118224,4.49169,82.553,0.85311
1.79769e+308,"20,8,16,4096,32,1,0,0,0",1.79769e+308,8.91608,147.26,0.79153
1.79769e+308,"20,8,16,4096,32,16,0,0,0",1.79769e+308,16.6188,238.327,0.712319
1.5881,"20,8,16,4096,32,2,0,0,0",0.169418,9.37387,153.331,0.785985
4.51829,"20,8,16,4096,32,32,0,0,0",0.167124,27.0356,335.465,0.636544
1.73965,"20,8,16,4096,32,4,0,0,0",0.168696,10.3124,165.473,0.775012
2.05878,"20,8,16,4096,32,8,0,0,0",0.16761,12.2831,189.758,0.753524
0.525911,"20,8,16,4096,4,1,0,0,0",0.119314,4.40779,81.2004,0.854447
0.562788,"20,8,16,4096,4,2,0,0,0",0.117564,4.78708,87.2715,0.848462
0.650864,"20,8,16,4096,4,4,0,0,0",0.116925,5.56651,99.4138,0.836617
1.79769e+308,"20,8,16,4096,64,1,0,0,0",1.79769e+308,15.1697,222.757,0.725277
1.79769e+308,"20,8,16,4096,64,16,0,0,0",1.79769e+308,24.4979,313.824,0.652696
3.05703,"20,8,16,4096,64,2,0,0,0",0.194369,15.728,228.828,0.720197
7.17437,"20,8,16,4096,64,32,0,0,0",0.194061,36.9697,410.962,0.583264
3.36535,"20,8,16,4096,64,4,0,0,0",0.199481,16.8705,240.97,0.710142
1.79769e+308,"20,8,16,4096,64,64,0,0,0",1.79769e+308,71.8042,605.238,0.465772
3.84906,"20,8,16,4096,64,8,0,0,0",0.199819,19.2627,265.255,0.690453
0.597017,"20,8,16,4096,8,1,0,0,0",0.119395,5.00035,90.6375,0.845162
0.634056,"20,8,16,4096,8,2,0,0,0",0.117626,5.39044,96.7086,0.839241
0.725275,"20,8,16,4096,8,4,0,0,0",0.117137,6.19169,108.851,0.827525
0.928297,"20,8,16,4096,8,8,0,0,0",0.117803,7.88008,133.135,0.804581
0.623248,"3,32,16,4096,32,32,0,0,0",0.126565,4.92433,90.4535,0.856381
0.361098,"4,16,16,4096,1,1,0,0,0",0.138848,2.60067,51.2395,0.896714
0.39698,"4,16,16,4096,16,1,0,0,0",0.132381,2.99877,58.3173,0.889395
0.506606,"4,16,16,4096,16,16,0,0,0",0.124623,4.06511,76.5307,0.870836
0.383476,"4,16,16,4096,16,2,0,0,0",0.124993,3.06798,59.5316,0.888146
0.388536,"4,16,16,4096,16,4,0,0,0",0.121145,3.2072,61.96,0.885652
0.423419,"4,16,16,4096,16,8,0,0,0",0.121363,3.48886,66.8169,0.880686
0.349022,"4,16,16,4096,2,1,0,0,0",0.132863,2.62693,51.7114,0.896224
0.345975,"4,16,16,4096,2,2,0,0,0",0.128392,2.69468,52.9256,0.894965
1.79769e+308,"4,16,16,4096,32,1,0,0,0",1.79769e+308,3.43344,65.867,0.881655
1.79769e+308,"4,16,16,4096,32,16,0,0,0",1.79769e+308,4.52493,84.0804,0.863257
0.462822,"4,16,16,4096,32,2,0,0,0",0.132072,3.50432,67.0812,0.880416
0.815384,"4,16,16,4096,32,32,0,0,0",0.141637,5.75686,103.508,0.844055
0.499863,"4,16,16,4096,32,4,0,0,0",0.137066,3.64688,69.5097,0.877944
0.548772,"4,16,16,4096,32,8,0,0,0",0.139451,3.93523,74.3666,0.873021
0.355688,"4,16,16,4096,4,1,0,0,0",0.132741,2.67956,52.6551,0.895245
0.343839,"4,16,16,4096,4,2,0,0,0",0.125145,2.74752,53.8693,0.893988
0.354869,"4,16,16,4096,4,4,0,0,0",0.123037,2.88425,56.2978,0.891478
1.79769e+308,"4,16,16,4096,64,1,0,0,0",1.79769e+308,4.33399,80.9663,0.866375
1.79769e+308,"4,16,16,4096,64,16,0,0,0",1.79769e+308,5.47628,99.1797,0.848296
0.752458,"4,16,16,4096,64,2,0,0,0",0.170694,4.40823,82.1806,0.865158
1.13185,"4,16,16,4096,64,32,0,0,0",0.167346,6.76354,118.607,0.829427
0.775234,"4,16,16,4096,64,4,0,0,0",0.1701,4.55752,84.609,0.862729
1.79769e+308,"4,16,16,4096,64,64,0,0,0",1.79769e+308,9.55893,157.463,0.792939
0.822688,"4,16,16,4096,64,8,0,0,0",0.169299,4.85938,89.4659,0.857891
0.369497,"4,16,16,4096,8,1,0,0,0",0.132659,2.78532,54.5425,0.893291
0.356652,"4,16,16,4096,8,2,0,0,0",0.124979,2.85369,55.7567,0.892036
0.36254,"4,16,16,4096,8,4,0,0,0",0.1212,2.99125,58.1852,0.889532
0.393847,"4,16,16,4096,8,8,0,0,0",0.120458,3.26958,63.0421,0.884543
0.380357,"4,32,16,4096,1,1,0,0,0",0.13866,2.74309,53.6695,0.891987
0.415844,"4,32,16,4096,16,1,0,0,0",0.132211,3.14531,60.7473,0.884707
0.50243,"4,32,16,4096,16,16,0,0,0",0.118992,4.22239,78.9607,0.866246
0.401038,"4,32,16,4096,16,2,0,0,0",0.124731,3.21523,61.9616,0.883465
0.405678,"4,32,16,4096,16,4,0,0,0",0.120886,3.35587,64.39,0.880984
0.435084,"4,32,16,4096,16,8,0,0,0",0.119516,3.64039,69.2469,0.876044
0.36746,"4,32,16,4096,2,1,0,0,0",0.132675,2.76962,54.1414,0.8915
0.363851,"4,32,16,4096,2,2,0,0,0",0.128203,2.83808,55.3556,0.890248
1.79769e+308,"4,32,16,4096,32,1,0,0,0",1.79769e+308,3.5844,68.297,0.877008
0.567602,"4,32,16,4096,32,16,0,0,0",0.121108,4.68674,86.5104,0.858707
0.451815,"4,32,16,4096,32,2,0,0,0",0.123582,3.65599,69.5112,0.875775
0.730166,"4,32,16,4096,32,32,0,0,0",0.123119,5.93057,105.938,0.839606
0.456675,"4,32,16,4096,32,4,0,0,0",0.120178,3.79999,71.9397,0.873316
0.490042,"4,32,16,4096,32,8,0,0,0",0.119779,4.09122,76.7966,0.868419
0.374177,"4,32,16,4096,4,1,0,0,0",0.132555,2.82281,55.0851,0.890527
0.361321,"4,32,16,4096,4,2,0,0,0",0.124961,2.89147,56.2993,0.889276
0.372188,"4,32,16,4096,4,4,0,0,0",0.12285,3.02961,58.7278,0.886779
1.79769e+308,"4,32,16,4096,64,1,0,0,0",1.79769e+308,4.49393,83.3963,0.861808
1.79769e+308,"4,32,16,4096,64,16,0,0,0",1.79769e+308,5.6473,101.61,0.843824
0.601499,"4,32,16,4096,64,2,0,0,0",0.131651,4.56889,84.6106,0.860598
0.96725,"4,32,16,4096,64,32,0,0,0",0.139237,6.94679,121.037,0.825055
0.64385,"4,32,16,4096,64,4,0,0,0",0.136419,4.71965,87.039,0.858181
1.79769e+308,"4,32,16,4096,64,64,0,0,0",1.79769e+308,9.76796,159.893,0.78876
0.698494,"4,32,16,4096,64,8,0,0,0",0.139019,5.02445,91.8959,0.853369
0.388063,"4,32,16,4096,8,1,0,0,0",0.13246,2.92966,56.9725,0.888583
0.374222,"4,32,16,4096,8,2,0,0,0",0.124793,2.99874,58.1867,0.887334
0.379503,"4,32,16,4096,8,4,0,0,0",0.120949,3.13771,60.6152,0.884843
0.41069,"4,32,16,4096,8,8,0,0,0",0.120124,3.41888,65.4721,0.879881
0.420338,"4,64,16,4096,1,1,0,0,0",0.138577,3.03325,58.5295,0.882609
0.455009,"4,64,16,4096,16,1,0,0,0",0.132126,3.44375,65.6073,0.875406
0.539439,"4,64,16,4096,16,16,0,0,0",0.118754,4.54249,83.8207,0.857138
0.438168,"4,64,16,4096,16,2,0,0,0",0.124653,3.5151,66.8216,0.874176
0.442018,"4,64,16,4096,16,4,0,0,0",0.120816,3.65861,69.25,0.871721
0.471389,"4,64,16,4096,16,8,0,0,0",0.119373,3.94888,74.1069,0.866833
0.405778,"4,64,16,4096,2,1,0,0,0",0.132593,3.06033,59.0014,0.882127
0.401058,"4,64,16,4096,2,2,0,0,0",0.128125,3.13021,60.2156,0.880888
1.79769e+308,"4,64,16,4096,32,1,0,0,0",1.79769e+308,3.89176,73.157,0.867787
1.79769e+308,"4,64,16,4096,32,16,0,0,0",1.79769e+308,5.01599,91.3704,0.849678
0.489442,"4,64,16,4096,32,2,0,0,0",0.123447,3.9648,74.3712,0.866567
0.744261,"4,64,16,4096,32,32,0,0,0",0.11844,6.28387,110.798,0.830778
0.492974,"4,64,16,4096,32,4,0,0,0",0.119896,4.11168,76.7997,0.864134
0.522796,"4,64,16,4096,32,8,0,0,0",0.118582,4.40873,81.6566,0.859288
0.412609,"4,64,16,4096,4,1,0,0,0",0.132475,3.11462,59.9451,0.881164
0.397706,"4,64,16,4096,4,2,0,0,0",0.12488,3.1847,61.1593,0.879926
0.408284,"4,64,16,4096,4,4,0,0,0",0.122767,3.32568,63.5878,0.877455
1.79769e+308,"4,64,16,4096,64,1,0,0,0",1.79769e+308,4.81939,88.2563,0.852747
1.79769e+308,"4,64,16,4096,64,16,0,0,0",1.79769e+308,5.99517,106.47,0.834952
0.598946,"4,64,16,4096,64,2,0,0,0",0.122338,4.89583,89.4706,0.851549
0.877618,"4,64,16,4096,64,32,0,0,0",0.119904,7.31934,125.897,0.81638
0.599572,"4,64,16,4096,64,4,0,0,0",0.118738,5.04954,91.899,0.849158
1.79769e+308,"4,64,16,4096,64,64,0,0,0",1.79769e+308,10.1926,164.753,0.780467
0.633666,"4,64,16,4096,64,8,0,0,0",0.118215,5.36029,96.7559,0.844396
0.42674,"4,64,16,4096,8,1,0,0,0",0.132377,3.22367,61.8325,0.87924
0.410817,"4,64,16,4096,8,2,0,0,0",0.12471,3.29418,63.0467,0.878005
0.415303,"4,64,16,4096,8,4,0,0,0",0.120868,3.436,65.4752,0.87554
0.446923,"4,64,16,4096,8,8,0,0,0",0.120047,3.7229,70.3321,0.87063
0.352107,"4,8,16,4096,1,1,0,0,0",0.139166,2.53012,50.0245,0.899087
0.395378,"4,8,16,4096,16,1,0,0,0",0.135118,2.92616,57.1023,0.891749
0.579553,"4,8,16,4096,16,16,0,0,0",0.145355,3.98716,75.3157,0.87314
0.403941,"4,8,16,4096,16,2,0,0,0",0.134871,2.99502,58.3166,0.890496
0.436893,"4,8,16,4096,16,4,0,0,0",0.139425,3.13354,60.745,0.887996
0.482859,"4,8,16,4096,16,8,0,0,0",0.141444,3.41378,65.6019,0.883016
0.340466,"4,8,16,4096,2,1,0,0,0",0.13319,2.55624,50.4964,0.898596
0.337697,"4,8,16,4096,2,2,0,0,0",0.128713,2.62364,51.7106,0.897333
1.79769e+308,"4,8,16,4096,32,1,0,0,0",1.79769e+308,3.35863,64.652,0.883988
1.79769e+308,"4,8,16,4096,32,16,0,0,0",1.79769e+308,4.44473,82.8654,0.865541
0.584029,"4,8,16,4096,32,2,0,0,0",0.170313,3.42915,65.8662,0.882746
0.969751,"4,8,16,4096,32,32,0,0,0",0.17101,5.67073,102.293,0.846288
0.603696,"4,8,16,4096,32,4,0,0,0",0.169055,3.571,68.2947,0.880267
0.650064,"4,8,16,4096,32,8,0,0,0",0.168501,3.85792,73.1516,0.875331
0.347111,"4,8,16,4096,4,1,0,0,0",0.133064,2.6086,51.4401,0.897614
0.335779,"4,8,16,4096,4,2,0,0,0",0.125468,2.67621,52.6543,0.896353
0.346906,"4,8,16,4096,4,4,0,0,0",0.123356,2.81223,55.0828,0.893836
1.79769e+308,"4,8,16,4096,64,1,0,0,0",1.79769e+308,4.25472,79.7513,0.868667
1.79769e+308,"4,8,16,4096,64,16,0,0,0",1.79769e+308,5.39148,97.9647,0.85054
0.842881,"4,8,16,4096,64,2,0,0,0",0.194724,4.32859,80.9656,0.867447
1.31041,"4,8,16,4096,64,32,0,0,0",0.196384,6.67267,117.392,0.831622
0.894303,"4,8,16,4096,64,4,0,0,0",0.199748,4.47716,83.394,0.865011
1.79769e+308,"4,8,16,4096,64,64,0,0,0",1.79769e+308,9.45524,156.248,0.795037
0.95839,"4,8,16,4096,64,8,0,0,0",0.200603,4.77755,88.2509,0.86016
0.361398,"4,8,16,4096,8,1,0,0,0",0.13317,2.71381,53.3275,0.895655
0.348998,"4,8,16,4096,8,2,0,0,0",0.125456,2.78183,54.5417,0.894396
0.357668,"4,8,16,4096,8,4,0,0,0",0.122544,2.91869,56.9702,0.891885
0.395053,"4,8,16,4096,8,8,0,0,0",0.123624,3.1956,61.8271,0.886884
0.508014,"5,32,16,4096,32,4,0,0,0",0.120154,4.22802,78.9246,0.864678
0.390172,"6,16,16,4096,1,1,0,0,0",0.138848,2.81007,54.8593,0.89076
0.452813,"6,16,16,4096,16,1,0,0,0",0.132436,3.41911,65.476,0.879877
0.633532,"6,16,16,4096,16,16,0,0,0",0.124676,5.08142,92.7961,0.85248
0.440986,"6,16,16,4096,16,2,0,0,0",0.125079,3.52566,67.2973,0.878023
0.453448,"6,16,16,4096,16,4,0,0,0",0.121224,3.74058,70.94,0.874328
0.50601,"6,16,16,4096,16,8,0,0,0",0.121121,4.17772,78.2254,0.866984
0.378783,"6,16,16,4096,2,1,0,0,0",0.132905,2.85003,55.5671,0.89003
0.379294,"6,16,16,4096,2,2,0,0,0",0.128431,2.95329,57.3884,0.888155
1.79769e+308,"6,16,16,4096,32,1,0,0,0",1.79769e+308,4.09146,76.8005,0.868415
1.79769e+308,"6,16,16,4096,32,16,0,0,0",1.79769e+308,5.8112,104.121,0.841375
0.553893,"6,16,16,4096,32,2,0,0,0",0.131823,4.20179,78.6218,0.866586
1.10094,"6,16,16,4096,32,32,0,0,0",0.141111,7.80194,133.262,0.813459
0.605633,"6,16,16,4096,32,4,0,0,0",0.136888,4.42429,82.2645,0.862938
0.677691,"6,16,16,4096,32,8,0,0,0",0.138966,4.87667,89.5499,0.85569
0.389015,"6,16,16,4096,4,1,0,0,0",0.132759,2.93023,56.9826,0.888572
0.379764,"6,16,16,4096,4,2,0,0,0",0.125171,3.03396,58.804,0.8867
0.399109,"6,16,16,4096,4,4,0,0,0",0.123059,3.24323,62.4466,0.882968
1.79769e+308,"6,16,16,4096,64,1,0,0,0",1.79769e+308,5.50725,99.4495,0.845938
1.79769e+308,"6,16,16,4096,64,16,0,0,0",1.79769e+308,7.34413,126.77,0.819597
0.961601,"6,16,16,4096,64,2,0,0,0",0.170943,5.62527,101.271,0.844156
1.58262,"6,16,16,4096,64,32,0,0,0",0.16721,9.46486,155.911,0.792404
0.997137,"6,16,16,4096,64,4,0,0,0",0.170067,5.8632,104.914,0.840603
1.79769e+308,"6,16,16,4096,64,64,0,0,0",1.79769e+308,14.2377,214.194,0.740695
1.07395,"6,16,16,4096,64,8,0,0,0",0.169216,6.34663,112.199,0.833542
0.410223,"6,16,16,4096,8,1,0,0,0",0.132684,3.09173,59.8137,0.885664
0.399579,"6,16,16,4096,8,2,0,0,0",0.125009,3.1964,61.6351,0.883799
0.4129,"6,16,16,4096,8,4,0,0,0",0.121172,3.40755,65.2778,0.880079
0.46181,"6,16,16,4096,8,8,0,0,0",0.120353,3.83713,72.5631,0.872686
0.419873,"6,32,16,4096,1,1,0,0,0",0.138661,3.02806,58.5043,0.883726
0.482119,"6,32,16,4096,16,1,0,0,0",0.132216,3.64645,69.121,0.872929
0.633876,"6,32,16,4096,16,16,0,0,0",0.11885,5.33341,96.4411,0.845749
0.468361,"6,32,16,4096,16,2,0,0,0",0.124743,3.75461,70.9423,0.87109
0.480292,"6,32,16,4096,16,4,0,0,0",0.120896,3.97277,74.585,0.867424
0.527522,"6,32,16,4096,16,8,0,0,0",0.119445,4.41644,81.8704,0.860138
0.407267,"6,32,16,4096,2,1,0,0,0",0.132719,3.06864,59.2121,0.883002
0.406976,"6,32,16,4096,2,2,0,0,0",0.128242,3.1735,61.0334,0.881142
1.79769e+308,"6,32,16,4096,32,1,0,0,0",1.79769e+308,4.32889,80.4455,0.861558
1.79769e+308,"6,32,16,4096,32,16,0,0,0",1.79769e+308,6.07372,107.766,0.834731
0.548891,"6,32,16,4096,32,2,0,0,0",0.1236,4.44087,82.2668,0.859743
0.993928,"6,32,16,4096,32,32,0,0,0",0.12282,8.09256,136.907,0.807036
0.560335,"6,32,16,4096,32,4,0,0,0",0.120072,4.66666,85.9095,0.856125
0.61095,"6,32,16,4096,32,8,0,0,0",0.119194,5.12568,93.1949,0.848933
0.417622,"6,32,16,4096,4,1,0,0,0",0.132575,3.15008,60.6276,0.881556
0.406881,"6,32,16,4096,4,2,0,0,0",0.124986,3.25541,62.449,0.879699
0.426114,"6,32,16,4096,4,4,0,0,0",0.122874,3.46789,66.0916,0.875997
1.79769e+308,"6,32,16,4096,64,1,0,0,0",1.79769e+308,5.76541,103.094,0.839258
1.79769e+308,"6,32,16,4096,64,16,0,0,0",1.79769e+308,7.62836,130.415,0.813126
0.776825,"6,32,16,4096,64,2,0,0,0",0.131998,5.88513,104.916,0.83749
1.35864,"6,32,16,4096,64,32,0,0,0",0.138943,9.77839,159.556,0.786147
0.834125,"6,32,16,4096,64,4,0,0,0",0.136151,6.12647,108.559,0.833965
1.79769e+308,"6,32,16,4096,64,64,0,0,0",1.79769e+308,14.6151,217.839,0.734846
0.920065,"6,32,16,4096,64,8,0,0,0",0.13905,6.61679,115.844,0.82696
0.439108,"6,32,16,4096,8,1,0,0,0",0.132498,3.31407,63.4587,0.878671
0.426937,"6,32,16,4096,8,2,0,0,0",0.124823,3.42034,65.2801,0.87682
0.439749,"6,32,16,4096,8,4,0,0,0",0.120986,3.63471,68.9228,0.87313
0.48918,"6,32,16,4096,8,8,0,0,0",0.120169,4.07077,76.2081,0.865796
0.481708,"6,64,16,4096,1,1,0,0,0",0.138576,3.47613,65.7943,0.869825
0.543524,"6,64,16,4096,16,1,0,0,0",0.132134,4.11343,76.411,0.859199
0.69477,"6,64,16,4096,16,16,0,0,0",0.118756,5.8504,103.731,0.832445
0.526672,"6,64,16,4096,16,2,0,0,0",0.12466,4.22487,78.2323,0.857388
0.537587,"6,64,16,4096,16,4,0,0,0",0.120817,4.44959,81.875,0.85378
0.585654,"6,64,16,4096,16,8,0,0,0",0.119363,4.9065,89.1604,0.846608
0.466606,"6,64,16,4096,2,1,0,0,0",0.132635,3.51797,66.5021,0.869113
0.464719,"6,64,16,4096,2,2,0,0,0",0.128161,3.62606,68.3234,0.867282
1.79769e+308,"6,64,16,4096,32,1,0,0,0",1.79769e+308,4.81635,87.7355,0.848006
1.79769e+308,"6,64,16,4096,32,16,0,0,0",1.79769e+308,6.61208,115.056,0.821601
0.609039,"6,64,16,4096,32,2,0,0,0",0.123496,4.93165,89.5568,0.84622
1.02664,"6,64,16,4096,32,32,0,0,0",0.118168,8.68799,144.197,0.794342
0.61941,"6,64,16,4096,32,4,0,0,0",0.119945,5.16412,93.1995,0.842658
0.668648,"6,64,16,4096,32,8,0,0,0",0.118626,5.6366,100.485,0.83558
0.477233,"6,64,16,4096,4,1,0,0,0",0.132494,3.60192,67.9176,0.86769
0.463451,"6,64,16,4096,4,2,0,0,0",0.124903,3.71049,69.739,0.865862
0.482522,"6,64,16,4096,4,4,0,0,0",0.122796,3.92946,73.3816,0.862217
1.79769e+308,"6,64,16,4096,64,1,0,0,0",1.79769e+308,6.2949,110.384,0.826057
1.79769e+308,"6,64,16,4096,64,16,0,0,0",1.79769e+308,8.21081,137.705,0.800336
0.785566,"6,64,16,4096,64,2,0,0,0",0.122399,6.41807,112.206,0.824317
1.23598,"6,64,16,4096,64,32,0,0,0",0.118612,10.4204,166.846,0.773782
0.790502,"6,64,16,4096,64,4,0,0,0",0.118581,6.66635,115.849,0.820847
1.79769e+308,"6,64,16,4096,64,64,0,0,0",1.79769e+308,15.3869,225.129,0.723288
0.842131,"6,64,16,4096,64,8,0,0,0",0.117441,7.17067,123.134,0.813952
0.499344,"6,64,16,4096,8,1,0,0,0",0.132419,3.77094,70.7487,0.86485
0.484068,"6,64,16,4096,8,2,0,0,0",0.124745,3.88046,72.5701,0.863028
0.495889,"6,64,16,4096,8,4,0,0,0",0.120909,4.10134,76.2128,0.859396
0.546477,"6,64,16,4096,8,8,0,0,0",0.120091,4.55053,83.4981,0.852177
0.376097,"6,8,16,4096,1,1,0,0,0",0.139163,2.70257,53.0368,0.894297
0.447846,"6,8,16,4096,16,1,0,0,0",0.135425,3.30696,63.6535,0.883371
0.713704,"6,8,16,4096,16,16,0,0,0",0.143978,4.95703,90.9736,0.855865
0.460662,"6,8,16,4096,16,2,0,0,0",0.134984,3.41271,65.4748,0.88151
0.50339,"6,8,16,4096,16,4,0,0,0",0.138827,3.62602,69.1175,0.8778
0.570058,"6,8,16,4096,16,8,0,0,0",0.140411,4.05992,76.4029,0.870427
0.365355,"6,8,16,4096,2,1,0,0,0",0.133233,2.74222,53.7446,0.893565
0.366271,"6,8,16,4096,2,2,0,0,0",0.128756,2.84469,55.5659,0.891682
1.79769e+308,"6,8,16,4096,32,1,0,0,0",1.79769e+308,3.97429,74.978,0.871864
9.61E-01,"6,8,16,4096,32,16,0,0,0",1.69E-01,5.68158,102.298,0.844716
0.697388,"6,8,16,4096,32,2,0,0,0",0.170769,4.08381,76.7993,0.870027
1.31795,"6,8,16,4096,32,32,0,0,0",0.172093,7.65838,131.44,0.81669
0.728954,"6,8,16,4096,32,4,0,0,0",0.16934,4.30468,80.442,0.866366
0.802706,"6,8,16,4096,32,8,0,0,0",0.168857,4.75376,87.7274,0.859088
0.375535,"6,8,16,4096,4,1,0,0,0",0.133083,2.82181,55.1601,0.892101
0.367032,"6,8,16,4096,4,2,0,0,0",0.125492,2.92474,56.9815,0.890222
0.386481,"6,8,16,4096,4,4,0,0,0",0.123381,3.13242,60.6241,0.886475
1.79769e+308,"6,8,16,4096,64,1,0,0,0",1.79769e+308,5.3798,97.627,0.849297
1.79769e+308,"6,8,16,4096,64,16,0,0,0",1.79769e+308,7.20374,124.947,0.822852
1.07002,"6,8,16,4096,64,2,0,0,0",0.194656,5.49698,99.4483,0.847508
1.82695,"6,8,16,4096,64,32,0,0,0",0.196237,9.30994,154.089,0.795551
1.14594,"6,8,16,4096,64,4,0,0,0",0.199877,5.73321,103.091,0.843941
1.79769e+308,"6,8,16,4096,64,64,0,0,0",1.79769e+308,14.0512,212.371,0.743637
1.24759,"6,8,16,4096,64,8,0,0,0",0.200797,6.21321,110.376,0.836852
0.39711,"6,8,16,4096,8,1,0,0,0",0.133166,2.98207,57.9912,0.889182
0.387273,"6,8,16,4096,8,2,0,0,0",0.125496,3.08594,59.8126,0.887309
0.404047,"6,8,16,4096,8,4,0,0,0",0.122606,3.29549,63.4553,0.883574
0.459835,"6,8,16,4096,8,8,0,0,0",0.12355,3.72185,70.7406,0.876152
0.516136,"7,32,16,4096,16,1,0,0,0",0.132233,3.90323,73.3078,0.867099
0.453595,"7,32,16,4096,4,4,0,0,0",0.12286,3.69197,69.7736,0.870655
0.465213,"7,32,16,4096,8,1,0,0,0",0.132531,3.51022,66.7019,0.873757
0.470703,"7,32,16,4096,8,4,0,0,0",0.121024,3.88934,73.0766,0.867331
0.38265,"8,16,16,4096,1,1,0,0,0",0.126585,3.02287,58.479,0.884845
0.475378,"8,16,16,4096,16,1,0,0,0",0.123446,3.8509,72.6347,0.87046
0.737831,"8,16,16,4096,16,16,0,0,0",0.119926,6.15238,109.061,0.83451
0.478778,"8,16,16,4096,16,2,0,0,0",0.119795,3.99665,75.0631,0.868016
0.507218,"8,16,16,4096,16,4,0,0,0",0.118194,4.2914,79.92,0.863148
0.577803,"8,16,16,4096,16,8,0,0,0",0.118063,4.89402,89.6338,0.853495
0.380463,"8,16,16,4096,2,1,0,0,0",0.12365,3.07694,59.4227,0.883878
0.390603,"8,16,16,4096,2,2,0,0,0",0.121426,3.2168,61.8512,0.881397
1.79769e+308,"8,16,16,4096,32,1,0,0,0",1.79769e+308,4.77478,87.734,0.855374
1.79769e+308,"8,16,16,4096,32,16,0,0,0",1.79769e+308,7.18022,124.161,0.820048
0.635215,"8,16,16,4096,32,2,0,0,0",0.128917,4.92732,90.1625,0.852973
1.38675,"8,16,16,4096,32,32,0,0,0",0.138222,10.0328,163.016,0.783972
0.701717,"8,16,16,4096,32,4,0,0,0",0.134025,5.23571,95.0194,0.848189
0.8107,"8,16,16,4096,32,8,0,0,0",0.138207,5.86584,104.733,0.838703
0.393654,"8,16,16,4096,4,1,0,0,0",0.123575,3.18555,61.3102,0.881949
0.398465,"8,16,16,4096,4,2,0,0,0",0.119794,3.32625,63.7386,0.879472
0.4288,"8,16,16,4096,4,4,0,0,0",0.118752,3.61089,68.5955,0.874541
1.79769e+308,"8,16,16,4096,64,1,0,0,0",1.79769e+308,6.75091,117.933,0.825983
1.79769e+308,"8,16,16,4096,64,16,0,0,0",1.79769e+308,9.37076,154.359,0.79187
1.17511,"8,16,16,4096,64,2,0,0,0",0.169877,6.91741,120.361,0.823663
2.06111,"8,16,16,4096,64,32,0,0,0",0.165341,12.4658,193.215,0.757034
1.22833,"8,16,16,4096,64,4,0,0,0",0.169335,7.25385,125.218,0.819044
1.79769e+308,"8,16,16,4096,64,64,0,0,0",1.79769e+308,19.6715,270.925,0.691893
1.33783,"8,16,16,4096,64,8,0,0,0",0.168479,7.94063,134.932,0.809884
0.420619,"8,16,16,4096,8,1,0,0,0",0.12354,3.40472,65.085,0.878103
0.424634,"8,16,16,4096,8,2,0,0,0",0.119713,3.5471,67.5135,0.875637
0.452638,"8,16,16,4096,8,4,0,0,0",0.118025,3.8351,72.3704,0.870727
0.519429,"8,16,16,4096,8,8,0,0,0",0.117408,4.42414,82.0842,0.860988
0.419564,"8,32,16,4096,1,1,0,0,0",0.126398,3.31939,63.339,0.875541
0.513216,"8,32,16,4096,16,1,0,0,0",0.123245,4.1642,77.4947,0.861308
0.759431,"8,32,16,4096,16,16,0,0,0",0.116647,6.5105,113.921,0.825736
0.515494,"8,32,16,4096,16,2,0,0,0",0.119525,4.31285,79.9231,0.85889
0.543447,"8,32,16,4096,16,4,0,0,0",0.117796,4.61345,84.78,0.854073
0.611075,"8,32,16,4096,16,8,0,0,0",0.116887,5.22791,94.4938,0.844521
0.41664,"8,32,16,4096,2,1,0,0,0",0.123465,3.37456,64.2827,0.874585
0.426422,"8,32,16,4096,2,2,0,0,0",0.121236,3.51729,66.7112,0.872129
1.79769e+308,"8,32,16,4096,32,1,0,0,0",1.79769e+308,5.10634,92.594,0.846381
1.79769e+308,"8,32,16,4096,32,16,0,0,0",1.79769e+308,7.55776,129.021,0.811426
0.626329,"8,32,16,4096,32,2,0,0,0",0.119032,5.26186,95.0225,0.844004
1.25152,"8,32,16,4096,32,32,0,0,0",0.119615,10.4629,167.876,0.77573
0.655822,"8,32,16,4096,32,4,0,0,0",0.11761,5.57624,99.8794,0.839271
0.729497,"8,32,16,4096,32,8,0,0,0",0.117311,6.21849,109.593,0.829885
0.430052,"8,32,16,4096,4,1,0,0,0",0.123387,3.48539,66.1702,0.872676
0.434053,"8,32,16,4096,4,2,0,0,0",0.119608,3.62896,68.5986,0.870226
0.464676,"8,32,16,4096,4,4,0,0,0",0.118559,3.91937,73.4555,0.865346
1.79769e+308,"8,32,16,4096,64,1,0,0,0",1.79769e+308,7.12037,122.793,0.817298
1.79769e+308,"8,32,16,4096,64,16,0,0,0",1.79769e+308,9.78879,159.219,0.783544
0.947147,"8,32,16,4096,64,2,0,0,0",0.129924,7.29001,125.221,0.815003
1.78403,"8,32,16,4096,64,32,0,0,0",0.137874,12.9395,198.075,0.749075
1.0222,"8,32,16,4096,64,4,0,0,0",0.133923,7.63276,130.078,0.810433
1.79769e+308,"8,32,16,4096,64,64,0,0,0",1.79769e+308,20.2704,275.785,0.684618
1.14921,"8,32,16,4096,64,8,0,0,0",0.137922,8.33234,139.792,0.801369
0.457513,"8,32,16,4096,8,1,0,0,0",0.123351,3.70903,69.945,0.86887
0.460692,"8,32,16,4096,8,2,0,0,0",0.119527,3.85429,72.3735,0.86643
0.488789,"8,32,16,4096,8,4,0,0,0",0.117835,4.14808,77.2304,0.861572
0.556675,"8,32,16,4096,8,8,0,0,0",0.117224,4.74882,86.9442,0.851936
0.496975,"8,64,16,4096,1,1,0,0,0",0.126322,3.9342,73.059,0.857227
0.592796,"8,64,16,4096,16,1,0,0,0",0.123162,4.81314,87.2147,0.843291
0.845037,"8,64,16,4096,16,16,0,0,0",0.116543,7.25086,123.641,0.808464
0.59336,"8,64,16,4096,16,2,0,0,0",0.119443,4.96772,89.6431,0.840924
0.621548,"8,64,16,4096,16,4,0,0,0",0.117712,5.28024,94.5,0.836208
0.691335,"8,64,16,4096,16,8,0,0,0",0.116803,5.91881,104.214,0.826856
0.49251,"8,64,16,4096,2,1,0,0,0",0.123386,3.99162,74.0027,0.856291
0.501618,"8,64,16,4096,2,2,0,0,0",0.121159,4.14017,76.4312,0.853887
1.79769e+308,"8,64,16,4096,32,1,0,0,0",1.79769e+308,5.7925,102.314,0.828677
1.79769e+308,"8,64,16,4096,32,16,0,0,0",1.79769e+308,8.33775,138.741,0.794452
0.707625,"8,64,16,4096,32,2,0,0,0",0.118847,5.95409,104.742,0.82635
1.32247,"8,64,16,4096,32,32,0,0,0",0.116515,11.3502,177.596,0.759503
0.737095,"8,64,16,4096,32,4,0,0,0",0.117359,6.28069,109.599,0.821716
0.809314,"8,64,16,4096,32,8,0,0,0",0.116487,6.94768,119.313,0.812526
0.506435,"8,64,16,4096,4,1,0,0,0",0.123311,4.10698,75.8902,0.854422
0.508765,"8,64,16,4096,4,2,0,0,0",0.11953,4.25638,78.3186,0.852023
0.540087,"8,64,16,4096,4,4,0,0,0",0.118479,4.5585,83.1755,0.847245
1.79769e+308,"8,64,16,4096,64,1,0,0,0",1.79769e+308,7.88388,132.513,0.800202
1.79769e+308,"8,64,16,4096,64,16,0,0,0",1.79769e+308,10.6515,168.939,0.767154
0.954504,"8,64,16,4096,64,2,0,0,0",0.118426,8.05992,134.941,0.797955
1.64164,"8,64,16,4096,64,32,0,0,0",0.117967,13.9161,207.795,0.733406
0.985396,"8,64,16,4096,64,4,0,0,0",0.117092,8.41557,139.798,0.793481
1.79769e+308,"8,64,16,4096,64,64,0,0,0",1.79769e+308,21.5029,285.505,0.670298
1.07085,"8,64,16,4096,64,8,0,0,0",0.117144,9.1413,149.512,0.784606
0.534975,"8,64,16,4096,8,1,0,0,0",0.123275,4.33969,79.665,0.850695
0.536423,"8,64,16,4096,8,2,0,0,0",0.119449,4.49081,82.0935,0.848307
0.564798,"8,64,16,4096,8,4,0,0,0",0.117755,4.79638,86.9504,0.84355
0.634993,"8,64,16,4096,8,8,0,0,0",0.117137,5.42095,96.6642,0.834115
0.365158,"8,8,16,4096,1,1,0,0,0",0.12691,2.8773,56.049,0.889533
0.480817,"8,8,16,4096,16,1,0,0,0",0.130056,3.697,70.2047,0.875073
0.83206,"8,8,16,4096,16,16,0,0,0",0.139227,5.97628,106.631,0.838932
0.506191,"8,8,16,4096,16,2,0,0,0",0.131776,3.8413,72.6331,0.872616
0.567507,"8,8,16,4096,16,4,0,0,0",0.137306,4.13316,77.49,0.867722
0.656863,"8,8,16,4096,16,8,0,0,0",0.138874,4.72992,87.2038,0.858017
0.363367,"8,8,16,4096,2,1,0,0,0",0.123982,2.93081,56.9927,0.888562
0.373691,"8,8,16,4096,2,2,0,0,0",0.121753,3.06925,59.4212,0.886067
1.79769e+308,"8,8,16,4096,32,1,0,0,0",1.79769e+308,4.61183,85.304,0.859907
1.79769e+308,"8,8,16,4096,32,16,0,0,0",1.79769e+308,6.99452,121.731,0.824393
0.805939,"8,8,16,4096,32,2,0,0,0",0.169212,4.7629,87.7325,0.857492
1.63486,"8,8,16,4096,32,32,0,0,0",0.166464,9.82108,160.586,0.788127
0.854687,"8,8,16,4096,32,4,0,0,0",0.168633,5.06832,92.5894,0.852684
0.953212,"8,8,16,4096,32,8,0,0,0",0.167452,5.69245,102.303,0.843147
0.376462,"8,8,16,4096,4,1,0,0,0",0.123905,3.03831,58.8802,0.886622
0.381708,"8,8,16,4096,4,2,0,0,0",0.120125,3.17759,61.3086,0.884133
0.41195,"8,8,16,4096,4,4,0,0,0",0.119082,3.45938,66.1655,0.879175
1.79769e+308,"8,8,16,4096,64,1,0,0,0",1.79769e+308,6.5692,115.503,0.830359
1.79769e+308,"8,8,16,4096,64,16,0,0,0",1.79769e+308,9.16501,151.929,0.796066
1.30829,"8,8,16,4096,64,2,0,0,0",0.194277,6.73414,117.931,0.828028
2.37359,"8,8,16,4096,64,32,0,0,0",0.19404,12.2325,190.785,0.761046
1.40927,"8,8,16,4096,64,4,0,0,0",0.199402,7.06746,122.788,0.823384
1.79769e+308,"8,8,16,4096,64,64,0,0,0",1.79769e+308,19.3763,268.495,0.695559
1.54437,"8,8,16,4096,64,8,0,0,0",0.199328,7.7479,132.502,0.814176
0.403804,"8,8,16,4096,8,1,0,0,0",0.124046,3.25528,62.655,0.882755
0.40822,"8,8,16,4096,8,2,0,0,0",0.120198,3.39623,65.0835,0.880277
0.439333,"8,8,16,4096,8,4,0,0,0",0.11934,3.68136,69.9404,0.87534
0.512797,"8,8,16,4096,8,8,0,0,0",0.120245,4.2646,79.6542,0.865551
