"1 16 16 4096 1 1 0 0 0",45.3637200009,0.999386724821,2.05710500891,0.212155
"1 16 16 4096 16 1 0 0 0",45.8060832901,0.997564906744,2.08164481077,0.1853
"1 16 16 4096 16 16 0 0 0",46.944421532,0.99289161371,2.14522321757,0.142073
"1 16 16 4096 16 2 0 0 0",45.8819725062,0.997252620617,2.08586423601,0.155449
"1 16 16 4096 16 4 0 0 0",46.0337509385,0.99662842741,2.0943111388,0.14039
"1 16 16 4096 16 8 0 0 0",46.337307803,0.995381255671,2.11123781305,0.137334
"1 16 16 4096 2 1 0 0 0",45.3932108868,0.999265160566,2.05873811486,0.188281
"1 16 16 4096 2 2 0 0 0",45.469100103,0.998952398613,2.06294251872,0.170368
"1 16 16 4096 32 2 0 0 0",46.3538266814,0.995313665571,2.11215969105,0.157287
"1 16 16 4096 32 32 0 0 0",48.6305031651,0.986010015859,2.24053613625,0.185864
"1 16 16 4096 32 4 0 0 0",46.5056051136,0.994690600352,2.12064095076,0.161106
"1 16 16 4096 32 8 0 0 0",46.8091619781,0.993445810829,2.13763615549,0.168505
"1 16 16 4096 4 1 0 0 0",45.4521926587,0.999022079104,2.06200556063,0.187723
"1 16 16 4096 4 2 0 0 0",45.5280818749,0.998709390547,2.06621209702,0.157304
"1 16 16 4096 4 4 0 0 0",45.6798603071,0.998084312382,2.0746333732,0.14885
"1 16 16 4096 64 2 0 0 0",47.2975350317,0.991447399216,2.16506914279,0.216925
"1 16 16 4096 64 32 0 0 0",49.5742115154,0.982179255149,2.29448276284,0.220248
"1 16 16 4096 64 4 0 0 0",47.4493134639,0.990826413136,2.17361977988,0.215754
"1 16 16 4096 64 8 0 0 0",47.7528703284,0.989586289007,2.19075279666,0.216137
"1 16 16 4096 8 1 0 0 0",45.5701562025,0.998536104307,2.06854538944,0.187392
"1 16 16 4096 8 2 0 0 0",45.6460454186,0.998223557114,2.07275620419,0.156635
"1 16 16 4096 8 4 0 0 0",45.7978238509,0.997598777658,2.08118600929,0.141243
"1 16 16 4096 8 8 0 0 0",46.1013807154,0.996350402354,2.09807851082,0.137998
"1 32 16 4096 1 1 0 0 0",45.9712200009,0.999386724821,2.08559702381,0.211969
"1 32 16 4096 16 1 0 0 0",46.4135832901,0.997564906744,2.11020309769,0.186068
"1 32 16 4096 16 16 0 0 0",47.551921532,0.99289161371,2.17395247739,0.13242
"1 32 16 4096 16 2 0 0 0",46.4894725062,0.997252620617,2.1144339036,0.156103
"1 32 16 4096 16 4 0 0 0",46.6412509385,0.99662842741,2.12290357334,0.140615
"1 32 16 4096 16 8 0 0 0",46.944807803,0.995381255671,2.13987581269,0.134922
"1 32 16 4096 2 1 0 0 0",46.0007108868,0.999265160566,2.08723454526,0.188094
"1 32 16 4096 2 2 0 0 0",46.076600103,0.998952398613,2.09145031361,0.170181
"1 32 16 4096 32 16 0 0 0",48.0237757071,0.990960988462,2.20055915154,1.33E-01
"1 32 16 4096 32 2 0 0 0",46.9613266814,0.995313665571,2.14080016476,0.151165
"1 32 16 4096 32 32 0 0 0",49.2380031651,0.986010015859,2.26951977201,0.139762
"1 32 16 4096 32 4 0 0 0",47.1131051136,0.994690600352,2.14930422756,0.13663
"1 32 16 4096 32 8 0 0 0",47.4166619781,0.993445810829,2.16634506627,0.132128
"1 32 16 4096 4 1 0 0 0",46.0596926587,0.999022079104,2.09051082314,0.187536
"1 32 16 4096 4 2 0 0 0",46.1355818749,0.998709390547,2.09472872616,0.157116
"1 32 16 4096 4 4 0 0 0",46.2873603071,0.998084312382,2.10317274348,0.148663
"1 32 16 4096 64 2 0 0 0",47.9050350317,0.991447399216,2.19385153478,0.152864
"1 32 16 4096 64 32 0 0 0",50.1817115154,0.982179255149,2.3236093801,0.16692
"1 32 16 4096 64 4 0 0 0",48.0568134639,0.990826413136,2.20242505316,0.156615
"1 32 16 4096 64 8 0 0 0",48.3603703284,0.989586289007,2.21960384603,0.160784
"1 32 16 4096 8 1 0 0 0",46.1776562025,0.998536104307,2.0970683207,0.187204
"1 32 16 4096 8 2 0 0 0",46.2535454186,0.998223557114,2.10129050654,0.156447
"1 32 16 4096 8 4 0 0 0",46.4053238509,0.997598777658,2.10974306127,0.141055
"1 32 16 4096 8 8 0 0 0",46.7088807154,0.996350402354,2.126681094,0.13774
"1 64 16 4096 1 1 0 0 0",47.1862200009,0.999386724821,2.14263945916,0.211887
"1 64 16 4096 16 1 0 0 0",47.6285832901,0.997564906744,2.16737795652,0.185984
"1 64 16 4096 16 16 0 0 0",48.766921532,0.99289161371,2.23146898387,0.132218
"1 64 16 4096 16 2 0 0 0",47.7044725062,0.997252620617,2.17163150335,0.156014
"1 64 16 4096 16 4 0 0 0",47.8562509385,0.99662842741,2.18014666642,0.140518
"1 64 16 4096 16 8 0 0 0",48.159807803,0.995381255671,2.1972099557,0.134773
"1 64 16 4096 2 1 0 0 0",47.2157108868,0.999265160566,2.14428580346,0.188013
"1 64 16 4096 2 2 0 0 0",47.291600103,0.998952398613,2.14852427995,0.1701
"1 64 16 4096 32 2 0 0 0",48.1763266814,0.995313665571,2.19813925158,0.151217
"1 64 16 4096 32 32 0 0 0",50.4530031651,0.986010015859,2.3275446188,0.129648
"1 64 16 4096 32 4 0 0 0",48.3281051136,0.994690600352,2.20668888093,0.136961
"1 64 16 4096 32 8 0 0 0",48.6316619781,0.993445810829,2.2238209092,0.13122
"1 64 16 4096 4 1 0 0 0",47.2746926587,0.999022079104,2.14757972936,0.187454
"1 64 16 4096 4 2 0 0 0",47.3505818749,0.998709390547,2.15182034489,0.157035
"1 64 16 4096 4 4 0 0 0",47.5023603071,0.998084312382,2.16030980317,0.148581
"1 64 16 4096 64 2 0 0 0",49.1200350317,0.991447399216,2.25147421645,0.146816
"1 64 16 4096 64 32 0 0 0",51.3967115154,0.982179255149,2.38191997424,0.128554
"1 64 16 4096 64 4 0 0 0",49.2718134639,0.990826413136,2.26009345963,0.131074
"1 64 16 4096 64 8 0 0 0",49.5753703284,0.989586289007,2.27736372994,0.125107
"1 64 16 4096 8 1 0 0 0",47.3926562025,0.998536104307,2.15417253216,0.187122
"1 64 16 4096 8 2 0 0 0",47.4685454186,0.998223557114,2.15841743955,0.156366
"1 64 16 4096 8 4 0 0 0",47.6203238509,0.997598777658,2.16691545245,0.140973
"1 64 16 4096 8 8 0 0 0",47.9238807154,0.996350402354,2.18394446638,0.137658
"1 8 16 4096 1 1 0 0 0",45.0599700009,0.999386724821,2.04286634832,0.212431
"1 8 16 4096 16 1 0 0 0",45.5023332901,0.997564906744,2.06737299852,0.183557
"1 8 16 4096 16 16 0 0 0",46.640671532,0.99289161371,2.13086588015,0.206043
"1 8 16 4096 16 2 0 0 0",45.5782225062,0.997252620617,2.07158673077,0.167478
"1 8 16 4096 16 4 0 0 0",45.7300009385,0.99662842741,2.08002224482,0.172314
"1 8 16 4096 16 8 0 0 0",46.033557803,0.995381255671,2.0969261261,0.186773
"1 8 16 4096 2 1 0 0 0",45.0894608868,0.999265160566,2.04449724548,0.188585
"1 8 16 4096 2 2 0 0 0",45.165350103,0.998952398613,2.04869596438,0.170648
"1 8 16 4096 32 2 0 0 0",46.0500766814,0.995313665571,2.09784676649,0.222367
"1 8 16 4096 32 32 0 0 0",48.3267531651,0.986010015859,2.22605155741,0.245639
"1 8 16 4096 32 4 0 0 0",46.2018551136,0.994690600352,2.10631661951,0.21924
"1 8 16 4096 32 8 0 0 0",46.5054119781,0.993445810829,2.12328899707,0.220129
"1 8 16 4096 4 1 0 0 0",45.1484426587,0.999022079104,2.04776027309,0.188006
"1 8 16 4096 4 2 0 0 0",45.2243318749,0.998709390547,2.05196112345,0.157585
"1 8 16 4096 4 4 0 0 0",45.3761103071,0.998084312382,2.0603710237,0.149122
"1 8 16 4096 64 2 0 0 0",46.9937850317,0.991447399216,2.15068522771,0.260175
"1 8 16 4096 64 32 0 0 0",49.2704615154,0.982179255149,2.27992666523,0.274862
"1 8 16 4096 64 4 0 0 0",47.1455634639,0.990826413136,2.15922441925,0.26917
"1 8 16 4096 64 8 0 0 0",47.4491203284,0.989586289007,2.17633453826,0.274099
"1 8 16 4096 8 1 0 0 0",45.2664062025,0.998536104307,2.05429126333,0.18813
"1 8 16 4096 8 2 0 0 0",45.3422954186,0.998223557114,2.05849638984,0.157547
"1 8 16 4096 8 4 0 0 0",45.4940738509,0.997598777658,2.0669148148,0.145456
"1 8 16 4096 8 8 0 0 0",45.7976307154,0.996350402354,2.08378454018,0.148531
"10 16 16 4096 32 8 0 0 0",72.0916197811,0.936357789475,3.55195956491,1.37E-01
"12 16 16 4096 1 1 0 0 0",60.3646400107,0.992665470202,2.78488044261,0.126585
"12 16 16 4096 16 1 0 0 0",65.6729994811,0.971167080434,3.10741894022,0.123442
"12 16 16 4096 16 16 0 0 0",79.3330583834,0.917956518605,4.00418099471,0.120027
"12 16 16 4096 16 2 0 0 0",66.5836700746,0.967525087401,3.16417657896,0.119765
"12 16 16 4096 16 4 0 0 0",68.4050112615,0.960283015856,3.27895819437,0.11812
"12 16 16 4096 16 8 0 0 0",72.0476936355,0.945961579652,3.51366317987,0.118071
"12 16 16 4096 2 1 0 0 0",60.718530642,0.991217478916,2.80594816459,0.123627
"12 16 16 4096 2 2 0 0 0",61.6292012355,0.987500963953,2.86044567659,0.121402
"12 16 16 4096 32 2 0 0 0",72.2459201763,0.945191055622,3.52662436681,0.129033
"12 16 16 4096 32 32 0 0 0",99.5660379811,0.84445384632,5.52373021365,0.13757
"12 16 16 4096 32 4 0 0 0",74.0672613633,0.938115188573,3.6467820051,0.13418
"12 16 16 4096 32 8 0 0 0",77.7099437373,0.924123880798,3.89241217701,0.137625
"12 16 16 4096 4 1 0 0 0",61.4263119047,0.988327861684,2.84826840509,0.123569
"12 16 16 4096 4 2 0 0 0",62.3369824982,0.984622149391,2.90308450701,0.119786
"12 16 16 4096 4 4 0 0 0",64.1583236852,0.977252419257,3.01395413344,0.11874
"12 16 16 4096 64 2 0 0 0",83.5704203799,0.902061472566,4.30277626324,0.170014
"12 16 16 4096 64 32 0 0 0",110.890538185,0.80591471332,6.48343976324,0.165774
"12 16 16 4096 64 4 0 0 0",85.3917615669,0.895304782157,4.43426417217,0.169647
"12 16 16 4096 64 8 0 0 0",89.0344439408,0.881950138375,4.7029051154,0.168689
"12 16 16 4096 8 1 0 0 0",62.8418744302,0.982574001162,2.933651706,0.123552
"12 16 16 4096 8 2 0 0 0",63.7525450237,0.978889736422,2.98910923386,0.11974
"12 16 16 4096 8 4 0 0 0",65.5738862107,0.971562849694,3.10127167044,0.118036
"12 16 16 4096 8 8 0 0 0",69.2165685846,0.957073312287,3.3306527557,0.117554
"12 32 16 4096 1 1 0 0 0",67.6546400107,0.992665470202,3.13573910282,0.126388
"12 32 16 4096 16 1 0 0 0",72.9629994811,0.971167080434,3.46785993989,0.123254
"12 32 16 4096 16 16 0 0 0",86.6230583834,0.917956518605,4.39021467557,0.116739
"12 32 16 4096 16 2 0 0 0",73.8736700746,0.967525087401,3.52628147416,0.119536
"12 32 16 4096 16 4 0 0 0",75.6950112615,0.960283015856,3.64440819602,0.117821
"12 32 16 4096 16 8 0 0 0",79.3376936355,0.945961579652,3.8858752089,0.116905
"12 32 16 4096 2 1 0 0 0",68.008530642,0.991217478916,3.15743969644,0.123427
"12 32 16 4096 2 2 0 0 0",68.9192012355,0.987500963953,3.21356969125,0.121196
"12 32 16 4096 32 2 0 0 0",79.5359201763,0.945191055622,3.89920611789,0.11906
"12 32 16 4096 32 32 0 0 0",106.856037981,0.84445384632,5.95038705121,0.119413
"12 32 16 4096 32 4 0 0 0",81.3572613633,0.938115188573,4.02278464412,0.117653
"12 32 16 4096 32 8 0 0 0",84.9999437373,0.924123880798,4.27533104803,0.117225
"12 32 16 4096 4 1 0 0 0",68.7163119047,0.988327861684,3.2010281965,0.123376
"12 32 16 4096 4 2 0 0 0",69.6269824982,0.984622149391,3.25748115825,0.119596
"12 32 16 4096 4 4 0 0 0",71.4483236852,0.977252419257,3.37164151173,0.118552
"12 32 16 4096 64 2 0 0 0",90.8604203799,0.902061472566,4.69703377219,0.129842
"12 32 16 4096 64 32 0 0 0",118.180538185,0.80591471332,6.93438875585,0.137629
"12 32 16 4096 64 4 0 0 0",92.6817615669,0.895304782157,4.83210475227,0.134293
"12 32 16 4096 64 8 0 0 0",96.3244439408,0.881950138375,5.10798986542,0.137493
"12 32 16 4096 8 1 0 0 0",70.1318744302,0.982574001162,3.28895816224,0.12334
"12 32 16 4096 8 2 0 0 0",71.0425450237,0.978889736422,3.3460614154,0.119521
"12 32 16 4096 8 4 0 0 0",72.8638862107,0.971562849694,3.46153246438,0.117818
"12 32 16 4096 8 8 0 0 0",76.5065685846,0.957073312287,3.69760104335,0.117223
"12 64 16 4096 1 1 0 0 0",82.2346400107,0.992665470202,3.84463959326,0.126305
"12 64 16 4096 16 1 0 0 0",87.5429994811,0.971167080434,4.19588056728,0.123178
"12 64 16 4096 16 16 0 0 0",101.203058383,0.917956518605,5.16937546287,0.116577
"12 64 16 4096 16 2 0 0 0",88.4536700746,0.967525087401,4.25762396439,0.119458
"12 64 16 4096 16 4 0 0 0",90.2750112615,0.960283015856,4.38243041573,0.117743
"12 64 16 4096 16 8 0 0 0",93.9176936355,0.945961579652,4.63740570764,0.116811
"12 64 16 4096 2 1 0 0 0",82.588530642,0.991217478916,3.86760239942,0.123349
"12 64 16 4096 2 2 0 0 0",83.4992012355,0.987500963953,3.92698865998,0.121122
"12 64 16 4096 32 16 0 0 0",106.865308485,0.896765090168,5.60379386415,1.16E-01
"12 64 16 4096 32 2 0 0 0",94.1159201763,0.945191055622,4.6514753707,0.118904
"12 64 16 4096 32 32 0 0 0",121.436037981,0.84445384632,6.81086024848,0.11641
"12 64 16 4096 32 4 0 0 0",95.9372613633,0.938115188573,4.78189039036,0.117415
"12 64 16 4096 32 8 0 0 0",99.5799437373,0.924123880798,5.04826313613,0.116544
"12 64 16 4096 4 1 0 0 0",83.2963119047,0.988327861684,3.91372060879,0.123304
"12 64 16 4096 4 2 0 0 0",84.2069824982,0.984622149391,3.97343901297,0.119524
"12 64 16 4096 4 4 0 0 0",86.0283236852,0.977252419257,4.09416583877,0.118477
"12 64 16 4096 64 2 0 0 0",105.44042038,0.902061472566,5.49264457512,0.118533
"12 64 16 4096 64 32 0 0 0",132.760538185,0.80591471332,7.84353432422,0.117706
"12 64 16 4096 64 4 0 0 0",107.261761567,0.895304782157,5.63488482407,0.117089
"12 64 16 4096 64 8 0 0 0",110.904443941,0.881950138375,5.9252679005,0.116967
"12 64 16 4096 8 1 0 0 0",84.7118744302,0.982574001162,4.00673126431,0.123263
"12 64 16 4096 8 2 0 0 0",85.6225450237,0.978889736422,4.06711850816,0.119444
"12 64 16 4096 8 4 0 0 0",87.4438862107,0.971562849694,4.18919336463,0.11774
"12 64 16 4096 8 8 0 0 0",91.0865685846,0.957073312287,4.43861573827,0.117144
"12 8 16 4096 1 1 0 0 0",56.7196400107,0.992665470202,2.61039455934,0.126919
"12 8 16 4096 16 1 0 0 0",62.0279994811,0.971167080434,2.92813208143,0.129929
"12 8 16 4096 16 16 0 0 0",75.6880583834,0.917956518605,3.81208412802,0.138998
"12 8 16 4096 16 2 0 0 0",62.9386700746,0.967525087401,2.98405638043,0.131157
"12 8 16 4096 16 4 0 0 0",64.7600112615,0.960283015856,3.09716288871,0.137457
"12 8 16 4096 16 8 0 0 0",68.4026936355,0.945961579652,3.32848261347,0.138736
"12 8 16 4096 2 1 0 0 0",57.073530642,0.991217478916,2.63114509564,0.123964
"12 8 16 4096 2 2 0 0 0",57.9842012355,0.987500963953,2.68482450313,0.121735
"12 8 16 4096 32 2 0 0 0",68.6009201763,0.945191055622,3.34125873664,0.169213
"12 8 16 4096 32 32 0 0 0",95.9210379811,0.84445384632,5.31132263186,0.168213
"12 8 16 4096 32 4 0 0 0",70.4222613633,0.938115188573,3.45970423435,0.168338
"12 8 16 4096 32 8 0 0 0",74.0649437373,0.924123880798,3.70187361671,0.16736
"12 8 16 4096 4 1 0 0 0",57.7813119047,0.988327861684,2.67282975007,0.123902
"12 8 16 4096 4 2 0 0 0",58.6919824982,0.984622149391,2.72682563158,0.120119
"12 8 16 4096 4 4 0 0 0",60.5133236852,0.977252419257,2.83604658219,0.119072
"12 8 16 4096 64 2 0 0 0",79.9254203799,0.902061472566,4.10656588685,0.194446
"12 8 16 4096 64 32 0 0 0",107.245538185,0.80591471332,6.25889429452,0.194282
"12 8 16 4096 64 4 0 0 0",81.7467615669,0.895304782157,4.23626190416,0.199519
"12 8 16 4096 64 8 0 0 0",85.3894439408,0.881950138375,4.50128057551,0.199823
"12 8 16 4096 8 1 0 0 0",59.1968744302,0.982574001162,2.75693697425,0.124018
"12 8 16 4096 8 2 0 0 0",60.1075450237,0.978889736422,2.81156998859,0.120177
"12 8 16 4096 8 4 0 0 0",61.9288862107,0.971562849694,2.92207507218,0.119316
"12 8 16 4096 8 8 0 0 0",65.5715685846,0.957073312287,3.14810726463,0.120102
"16 16 16 4096 1 1 0 0 0",65.8195200142,0.990232600997,3.0546711037,0.120478
"16 16 16 4096 16 1 0 0 0",72.8973326414,0.961742046998,3.49855523724,0.119049
"16 16 16 4096 16 16 0 0 0",91.1107445112,0.892132745381,4.76303998099,0.118601
"16 16 16 4096 16 2 0 0 0",74.1115600994,0.956936191106,3.57728981779,0.117355
"16 16 16 4096 16 4 0 0 0",76.5400150154,0.947397709297,3.73707038182,0.116605
"16 16 16 4096 16 8 0 0 0",81.3969248473,0.928605668584,4.0660539401,0.117162
"16 16 16 4096 2 1 0 0 0",66.2913741893,0.988307146058,3.08347743693,0.118979
"16 16 16 4096 2 2 0 0 0",67.5056016473,0.983369432405,3.15811632412,0.117872
"16 16 16 4096 32 2 0 0 0",81.6612269018,0.927597289605,4.08430721253,0.127782
"16 16 16 4096 32 32 0 0 0",118.088050641,0.798180703451,6.99578776997,0.137981
"16 16 16 4096 32 4 0 0 0",84.0896818178,0.918349985131,4.2539646432,0.1328
"16 16 16 4096 32 8 0 0 0",88.9465916497,0.900133498553,4.60313442827,0.137411
"16 16 16 4096 4 1 0 0 0",67.2350825396,0.984467503116,3.1414231346,0.118974
"16 16 16 4096 4 2 0 0 0",68.4493099976,0.979548930661,3.2166368976,0.117212
"16 16 16 4096 4 4 0 0 0",70.8777649136,0.969785468622,3.36930255157,0.116592
"16 16 16 4096 64 2 0 0 0",96.7605605065,0.871595231891,5.193273874,0.170247
"16 16 16 4096 64 32 0 0 0",133.187384246,0.749984197691,8.45722499233,0.165554
"16 16 16 4096 64 4 0 0 0",99.1890154225,0.862901463649,5.38411173766,0.169789
"16 16 16 4096 64 8 0 0 0",104.045925254,0.84578252982,5.77654449088,0.168888
"16 16 16 4096 8 1 0 0 0",69.1224992402,0.976833079322,3.25865546662,0.118978
"16 16 16 4096 8 2 0 0 0",70.3367266982,0.971952482433,3.33502909832,0.117212
"16 16 16 4096 8 4 0 0 0",72.7651816142,0.962264653657,3.49003923562,0.116276
"16 16 16 4096 8 8 0 0 0",77.6220914462,0.94317788312,3.80927121562,0.115966
"16 32 16 4096 1 1 0 0 0",75.5395200142,0.990232600997,3.52659938943,0.120286
"16 32 16 4096 16 1 0 0 0",82.6173326414,0.961742046998,3.98759180503,0.118816
"16 32 16 4096 16 16 0 0 0",100.830744511,0.892132745381,5.29841859787,0.115889
"16 32 16 4096 16 2 0 0 0",83.8315600994,0.956936191106,4.0693105402,0.117033
"16 32 16 4096 16 4 0 0 0",86.2600150154,0.947397709297,4.23510254516,0.116133
"16 32 16 4096 16 8 0 0 0",91.1169248473,0.928605668584,4.57628740907,0.115723
"16 32 16 4096 2 1 0 0 0",76.0113741893,0.988307146058,3.55653160273,0.118797
"16 32 16 4096 2 2 0 0 0",77.2256016473,0.983369432405,3.63407731367,0.117691
"16 32 16 4096 32 2 0 0 0",91.3812269018,0.927597289605,4.59520968944,0.11723
"16 32 16 4096 32 32 0 0 0",127.808050641,0.798180703451,7.60664970043,0.117863
"16 32 16 4096 32 4 0 0 0",93.8096818178,0.918349985131,4.77106674145,0.116564
"16 32 16 4096 32 8 0 0 0",98.6665916497,0.900133498553,5.13282233502,0.116781
"16 32 16 4096 4 1 0 0 0",76.9550825396,0.984467503116,3.61673525291,0.118788
"16 32 16 4096 4 2 0 0 0",78.1693099976,0.979548930661,3.69486660034,0.117022
"16 32 16 4096 4 4 0 0 0",80.5977649136,0.969785468622,3.85340934013,0.116407
"16 32 16 4096 64 2 0 0 0",106.480560507,0.871595231891,5.74374420955,0.129746
"16 32 16 4096 64 32 0 0 0",142.907384246,0.749984197691,9.1143224502,0.138383
"16 32 16 4096 64 4 0 0 0",108.909015422,0.862901463649,5.94118782601,0.134038
"16 32 16 4096 64 8 0 0 0",113.765925254,0.84578252982,6.34703175049,0.138221
"16 32 16 4096 8 1 0 0 0",78.8424992402,0.976833079322,3.73850848496,0.118797
"16 32 16 4096 8 2 0 0 0",80.0567266982,0.971952482433,3.81782151147,0.117028
"16 32 16 4096 8 4 0 0 0",82.4851816142,0.962264653657,3.97875285728,0.116092
"16 32 16 4096 8 8 0 0 0",87.3420914462,0.94317788312,4.31000116733,0.115782
"16 64 16 4096 1 1 0 0 0",94.9795200142,0.990232600997,4.48270509019,0.120214
"16 64 16 4096 16 1 0 0 0",102.057332641,0.961742046998,4.97787362827,0.11873
"16 64 16 4096 16 16 0 0 0",120.270744511,0.892132745381,6.38144030593,0.115488
"16 64 16 4096 16 2 0 0 0",103.271560099,0.956936191106,5.0655577232,0.116952
"16 64 16 4096 16 4 0 0 0",105.700015015,0.947397709297,5.24336987759,0.116056
"16 64 16 4096 16 8 0 0 0",110.556924847,0.928605668584,5.60896379057,0.115604
"16 64 16 4096 2 1 0 0 0",95.4513741893,0.988307146058,4.51488505037,0.118715
"16 64 16 4096 2 2 0 0 0",96.6656016473,0.983369432405,4.59823499186,0.117611
"16 64 16 4096 32 2 0 0 0",110.821226902,0.927597289605,5.62922482147,0.116835
"16 64 16 4096 32 32 0 0 0",147.248050641,0.798180703451,8.84102240862,0.115803
"16 64 16 4096 32 4 0 0 0",113.249681818,0.918349985131,5.81749027502,0.116019
"16 64 16 4096 32 8 0 0 0",118.10659165,0.900133498553,6.2044458806,0.115602
"16 64 16 4096 4 1 0 0 0",96.3950825396,0.984467503116,4.57959717315,0.118715
"16 64 16 4096 4 2 0 0 0",97.6093099976,0.979548930661,4.66355526715,0.116951
"16 64 16 4096 4 4 0 0 0",100.037764914,0.969785468622,4.83383901731,0.116333
"16 64 16 4096 64 2 0 0 0",125.920560507,0.871595231891,6.85700381585,0.117234
"16 64 16 4096 64 32 0 0 0",162.347384246,0.749984197691,10.4414987649,0.117722
"16 64 16 4096 64 4 0 0 0",128.349015422,0.862901463649,7.06768712269,0.116736
"16 64 16 4096 64 8 0 0 0",133.205925254,0.84578252982,7.50041738104,0.116875
"16 64 16 4096 8 1 0 0 0",98.2824992402,0.976833079322,4.71043964487,0.118721
"16 64 16 4096 8 2 0 0 0",99.4967266982,0.971952482433,4.79562495319,0.116947
"16 64 16 4096 8 4 0 0 0",101.925181614,0.962264653657,4.96838919935,0.116016
"16 64 16 4096 8 8 0 0 0",106.782091446,0.94317788312,5.32366417918,0.115706
"16 8 16 4096 1 1 0 0 0",60.9595200142,0.990232600997,2.82033005217,0.12081
"16 8 16 4096 16 1 0 0 0",68.0373326414,0.961742046998,3.25564507187,0.126913
"16 8 16 4096 16 16 0 0 0",86.2507445112,0.892132745381,4.49694798222,0.138708
"16 8 16 4096 16 2 0 0 0",69.2515600994,0.956936191106,3.33288571523,0.12921
"16 8 16 4096 16 4 0 0 0",71.6800150154,0.947397709297,3.48965739218,0.136238
"16 8 16 4096 16 8 0 0 0",76.5369248473,0.928605668584,3.81253601282,0.138419
"16 8 16 4096 2 1 0 0 0",61.4313741893,0.988307146058,2.84857220941,0.119312
"16 8 16 4096 2 2 0 0 0",62.6456016473,0.983369432405,2.92175467013,0.118205
"16 8 16 4096 32 2 0 0 0",76.8012269018,0.927597289605,3.83045461524,0.169235
"16 8 16 4096 32 32 0 0 0",113.228050641,0.798180703451,6.6919868566,0.166655
"16 8 16 4096 32 4 0 0 0",79.2296818178,0.918349985131,3.99701109794,0.168474
"16 8 16 4096 32 8 0 0 0",84.0865916497,0.900133498553,4.33988738049,0.167697
"16 8 16 4096 4 1 0 0 0",62.3750825396,0.984467503116,2.90538656731,0.119306
"16 8 16 4096 4 2 0 0 0",63.5893099976,0.979548930661,2.97913870386,0.117542
"16 8 16 4096 4 4 0 0 0",66.0177649136,0.969785468622,3.12886080896,0.116924
"16 8 16 4096 64 2 0 0 0",91.9005605065,0.871595231891,4.91963881254,0.194737
"16 8 16 4096 64 32 0 0 0",128.327384246,0.749984197691,8.1303423342,0.194088
"16 8 16 4096 64 4 0 0 0",94.3290154225,0.862901463649,5.1071757575,0.200068
"16 8 16 4096 64 8 0 0 0",99.1859252544,0.84578252982,5.49290803943,0.200165
"16 8 16 4096 8 1 0 0 0",64.2624992402,0.976833079322,3.02034413992,0.119411
"16 8 16 4096 8 2 0 0 0",65.4767266982,0.971952482433,3.09524558433,0.117608
"16 8 16 4096 8 4 0 0 0",67.9051816142,0.962264653657,3.24729076051,0.117096
"16 8 16 4096 8 8 0 0 0",72.7620914462,0.94317788312,3.56050814913,0.117674
"2 16 16 4096 1 1 0 0 0",46.7274400018,0.998773825748,2.12239292004,0.163209
"2 16 16 4096 16 1 0 0 0",47.6121665802,0.995135743166,2.17189367567,0.149906
"2 16 16 4096 16 16 0 0 0",49.8888430639,0.985833756576,2.30100379561,0.13235
"2 16 16 4096 16 2 0 0 0",47.7639450124,0.994512789326,2.18042367838,0.135161
"2 16 16 4096 16 4 0 0 0",48.0675018769,0.993268222322,2.19751643287,0.127674
"2 16 16 4096 16 8 0 0 0",48.6746156059,0.990783844142,2.23183451332,0.127602
"2 16 16 4096 2 1 0 0 0",46.7864217737,0.998530861122,2.12568137892,0.151307
"2 16 16 4096 2 2 0 0 0",46.9382002059,0.997905894696,2.13415125841,0.142364
"2 16 16 4096 32 1 0 0 0",48.5558749305,0.991270167946,2.22510651065,1.47E-01
"2 16 16 4096 32 2 0 0 0",48.7076533627,0.990649292873,2.23370606584,0.138791
"2 16 16 4096 32 32 0 0 0",53.2610063302,0.972215751375,2.49686789846,0.156188
"2 16 16 4096 32 4 0 0 0",49.0112102272,0.989409390429,2.25093695281,0.143268
"2 16 16 4096 32 8 0 0 0",49.6183239562,0.986934579053,2.28553144884,0.148414
"2 16 16 4096 4 1 0 0 0",46.9043853175,0.998045114537,2.13226325791,0.151077
"2 16 16 4096 4 2 0 0 0",47.0561637497,0.997420446766,2.14074168551,0.135863
"2 16 16 4096 4 4 0 0 0",47.3597206142,0.996172294622,2.15773150447,0.131646
"2 16 16 4096 64 2 0 0 0",50.5950700633,0.982967945412,2.34155855789,0.178812
"2 16 16 4096 64 32 0 0 0",55.1484230308,0.964676089245,2.60894211678,0.180016
"2 16 16 4096 64 4 0 0 0",50.8986269278,0.981736980967,2.35906883868,0.17853
"2 16 16 4096 64 8 0 0 0",51.5057406568,0.979281023391,2.39422115901,0.179153
"2 16 16 4096 8 1 0 0 0",47.140312405,0.997074351604,2.14544687611,0.150941
"2 16 16 4096 8 2 0 0 0",47.2920908373,0.996450269978,2.15394244053,0.135578
"2 16 16 4096 8 4 0 0 0",47.5956477018,0.995203321184,2.1709665089,0.12788
"2 16 16 4096 8 8 0 0 0",48.2027614308,0.992714124272,2.2051469959,0.12623
"2 32 16 4096 1 1 0 0 0",47.9424400018,0.998773825748,2.17951852701,0.163022
"2 32 16 4096 16 1 0 0 0",48.8271665802,0.995135743166,2.22928428767,0.150146
"2 32 16 4096 16 16 0 0 0",51.1038430639,0.985833756576,2.35907990281,0.12328
"2 32 16 4096 16 2 0 0 0",48.9789450124,0.994512789326,2.23785983785,0.135175
"2 32 16 4096 16 4 0 0 0",49.2825018769,0.993268222322,2.2550437444,0.127448
"2 32 16 4096 16 8 0 0 0",49.8896156059,0.990783844142,2.28954439364,0.124555
"2 32 16 4096 2 1 0 0 0",48.0014217737,0.998530861122,2.18282463035,0.15112
"2 32 16 4096 2 2 0 0 0",48.1532002059,0.997905894696,2.19133993056,0.142178
"2 32 16 4096 32 2 0 0 0",49.9226533627,0.990649292873,2.29142586445,0.132749
"2 32 16 4096 32 32 0 0 0",54.4760063302,0.972215751375,2.55596894155,0.130209
"2 32 16 4096 32 4 0 0 0",50.2262102272,0.989409390429,2.30874819388,0.125693
"2 32 16 4096 32 8 0 0 0",50.8333239562,0.986934579053,2.34352582903,0.123424
"2 32 16 4096 4 1 0 0 0",48.1193853175,0.998045114537,2.18944180787,0.15089
"2 32 16 4096 4 2 0 0 0",48.2711637497,0.997420446766,2.19796567357,0.135676
"2 32 16 4096 4 4 0 0 0",48.5747206142,0.996172294622,2.21504643422,0.131457
"2 32 16 4096 64 2 0 0 0",51.8100700633,0.982967945412,2.39984823828,0.136539
"2 32 16 4096 64 32 0 0 0",56.3634230308,0.964676089245,2.668622019,0.145818
"2 32 16 4096 64 4 0 0 0",52.1136269278,0.981736980967,2.41745057618,0.139554
"2 32 16 4096 64 8 0 0 0",52.7207406568,0.979281023391,2.45278721308,0.14344
"2 32 16 4096 8 1 0 0 0",48.355312405,0.997074351604,2.2026960617,0.150757
"2 32 16 4096 8 2 0 0 0",48.5070908373,0.996450269978,2.21123709971,0.135391
"2 32 16 4096 8 4 0 0 0",48.8106477018,0.995203321184,2.22835217918,0.127693
"2 32 16 4096 8 8 0 0 0",49.4177614308,0.992714124272,2.26271495452,0.126047
"2 64 16 4096 1 1 0 0 0",50.3724400018,0.998773825748,2.29399918203,0.162942
"2 64 16 4096 16 1 0 0 0",51.2571665802,0.995135743166,2.34429410387,0.150061
"2 64 16 4096 16 16 0 0 0",53.5338430639,0.985833756576,2.47545869038,0.123198
"2 64 16 4096 16 2 0 0 0",51.4089450124,0.994512789326,2.35296060715,0.135091
"2 64 16 4096 16 4 0 0 0",51.7125018769,0.993268222322,2.37032653728,0.127362
"2 64 16 4096 16 8 0 0 0",52.3196156059,0.990783844142,2.40519177564,0.124471
"2 64 16 4096 2 1 0 0 0",50.4314217737,0.998530861122,2.29734051651,0.151039
"2 64 16 4096 2 2 0 0 0",50.5832002059,0.997905894696,2.30594651031,0.142095
"2 64 16 4096 32 2 0 0 0",52.3526533627,0.990649292873,2.40709305354,0.132695
"2 64 16 4096 32 32 0 0 0",56.9060063302,0.972215751375,2.67439500429,0.122007
"2 64 16 4096 32 4 0 0 0",52.6562102272,0.989409390429,2.42459800033,0.125634
"2 64 16 4096 32 8 0 0 0",53.2633239562,0.986934579053,2.45974139057,0.122835
"2 64 16 4096 4 1 0 0 0",50.5493853175,0.998045114537,2.30402817608,0.150808
"2 64 16 4096 4 2 0 0 0",50.7011637497,0.997420446766,2.31264277098,0.135595
"2 64 16 4096 4 4 0 0 0",51.0047206142,0.996172294622,2.32990512438,0.131376
"2 64 16 4096 64 2 0 0 0",54.2400700633,0.982967945412,2.51665359084,0.130498
"2 64 16 4096 64 32 0 0 0",58.7934230308,0.964676089245,2.78820452956,0.121502
"2 64 16 4096 64 4 0 0 0",54.5436269278,0.981736980967,2.53443979975,0.122658
"2 64 16 4096 64 8 0 0 0",55.1507406568,0.979281023391,2.57014459405,0.119715
"2 64 16 4096 8 1 0 0 0",50.785312405,0.997074351604,2.31742347317,0.150674
"2 64 16 4096 8 2 0 0 0",50.9370908373,0.996450269978,2.32605531308,0.135309
"2 64 16 4096 8 4 0 0 0",51.2406477018,0.995203321184,2.34335212752,0.127611
"2 64 16 4096 8 8 0 0 0",51.8477614308,0.992714124272,2.37807891795,0.125965
"2 8 16 4096 1 1 0 0 0",46.1199400018,0.998773825748,2.09385914426,0.163511
"2 8 16 4096 16 1 0 0 0",47.0046665802,0.995135743166,2.14322728288,0.148699
"2 8 16 4096 16 16 0 0 0",49.2813430639,0.985833756576,2.27199438287,0.165456
"2 8 16 4096 16 2 0 0 0",47.1564450124,0.994512789326,2.15173449272,0.142503
"2 8 16 4096 16 4 0 0 0",47.4600018769,0.993268222322,2.16878163335,0.147982
"2 8 16 4096 16 8 0 0 0",48.0671156059,0.990783844142,2.20300835541,0.156608
"2 8 16 4096 2 1 0 0 0",46.1789217737,0.998530861122,2.09713877312,0.151629
"2 8 16 4096 2 2 0 0 0",46.3307002059,0.997905894696,2.10558592231,0.142676
"2 8 16 4096 32 2 0 0 0",48.1001533627,0.990649292873,2.20487494482,0.181511
"2 8 16 4096 32 32 0 0 0",52.6535063302,0.972215751375,2.46734566735,0.190395
"2 8 16 4096 32 4 0 0 0",48.4037102272,0.989409390429,2.22206007447,0.181574
"2 8 16 4096 32 8 0 0 0",49.0108239562,0.986934579053,2.25656293037,0.182111
"2 8 16 4096 4 1 0 0 0",46.2968853175,0.998045114537,2.10370298734,0.151385
"2 8 16 4096 4 2 0 0 0",46.4486637497,0.997420446766,2.11215867606,0.136171
"2 8 16 4096 4 4 0 0 0",46.7522206142,0.996172294622,2.12910298496,0.131948
"2 8 16 4096 64 2 0 0 0",49.9875700633,0.982967945412,2.31244228014,0.204819
"2 8 16 4096 64 32 0 0 0",54.5409230308,0.964676089245,2.57913028448,0.213773
"2 8 16 4096 64 4 0 0 0",50.2911269278,0.981736980967,2.32990649955,0.212186
"2 8 16 4096 64 8 0 0 0",50.8982406568,0.979281023391,2.36496659739,0.216195
"2 8 16 4096 8 1 0 0 0",46.532812405,0.997074351604,2.11685125695,0.151791
"2 8 16 4096 8 2 0 0 0",46.6845908373,0.996450269978,2.125324065,0.136293
"2 8 16 4096 8 4 0 0 0",46.9881477018,0.995203321184,2.14230258906,0.130075
"2 8 16 4096 8 8 0 0 0",47.5952614308,0.992714124272,2.17639185616,0.131873
"20 16 16 4096 1 1 0 0 0",71.2744000178,0.987805694378,3.32714975594,0.120479
"20 16 16 4096 16 1 0 0 0",80.1216658018,0.952408482122,3.8994716322,0.119081
"20 16 16 4096 16 16 0 0 0",102.888430639,0.867035441493,5.56895576757,0.118851
"20 16 16 4096 16 2 0 0 0",81.6394501243,0.946463182995,4.00177737422,0.117463
"20 16 16 4096 16 4 0 0 0",84.6750187692,0.934685300855,4.21009700565,0.116981
"20 16 16 4096 16 8 0 0 0",90.7461560592,0.91156819291,4.64191493421,0.117489
"20 16 16 4096 2 1 0 0 0",71.8642177367,0.985405358286,3.36405582929,0.118994
"20 16 16 4096 2 2 0 0 0",73.3820020592,0.979255186463,3.45983650613,0.117893
"20 16 16 4096 32 2 0 0 0",91.0765336272,0.910331013571,4.66598353639,0.127912
"20 16 16 4096 32 32 0 0 0",136.610063302,0.754443168371,8.63675460438,0.1381
"20 16 16 4096 32 4 0 0 0",94.1121022722,0.89900121591,4.89025544255,0.133035
"20 16 16 4096 32 8 0 0 0",100.183239562,0.87676590991,5.35486045335,0.137831
"20 16 16 4096 4 1 0 0 0",73.0438531746,0.980622222913,3.43839555577,0.118983
"20 16 16 4096 4 2 0 0 0",74.561637497,0.974501851448,3.53508814827,0.117235
"20 16 16 4096 4 4 0 0 0",77.597206142,0.96237557116,3.73203192949,0.116596
"20 16 16 4096 64 2 0 0 0",109.950700633,0.842157958586,6.14895442607,0.169996
"20 16 16 4096 64 32 0 0 0",155.484230308,0.697935262243,10.7145975277,0.16508
"20 16 16 4096 64 4 0 0 0",112.986269278,0.831670902251,6.40803248499,0.169547
"20 16 16 4096 64 8 0 0 0",119.057406568,0.811098107051,6.94413297959,0.168622
"20 16 16 4096 8 1 0 0 0",75.4031240503,0.971125700182,3.58920288907,0.119
"20 16 16 4096 8 2 0 0 0",76.9209083728,0.965064391788,3.68773931169,0.117235
"20 16 16 4096 8 4 0 0 0",79.9564770178,0.953055444607,3.88842072999,0.116309
"20 16 16 4096 8 8 0 0 0",86.0276143077,0.929484197068,4.30453676425,0.116078
"20 32 16 4096 1 1 0 0 0",83.4244000178,0.987805694378,3.92209472502,0.120293
"20 32 16 4096 16 1 0 0 0",92.2716658018,0.952408482122,4.52128683581,0.11883
"20 32 16 4096 16 16 0 0 0",115.038430639,0.867035441493,6.26461176192,0.11573
"20 32 16 4096 16 2 0 0 0",93.7894501243,0.946463182995,4.62830116257,0.117053
"20 32 16 4096 16 4 0 0 0",96.8250187692,0.934685300855,4.84612551489,0.116163
"20 32 16 4096 16 8 0 0 0",102.896156059,0.91156819291,5.29731486774,0.115717
"20 32 16 4096 2 1 0 0 0",84.0142177367,0.985405358286,3.9607625996,0.118808
"20 32 16 4096 2 2 0 0 0",85.5320020592,0.979255186463,4.06109617212,0.117707
"20 32 16 4096 32 2 0 0 0",103.226533627,0.910331013571,5.32244867923,0.117289
"20 32 16 4096 32 32 0 0 0",148.760063302,0.754443168371,9.45586796025,0.117827
"20 32 16 4096 32 4 0 0 0",106.262102272,0.89900121591,5.55660719946,0.116652
"20 32 16 4096 32 8 0 0 0",112.333239562,0.87676590991,6.041366825,0.116729
"20 32 16 4096 4 1 0 0 0",85.1938531746,0.980622222913,4.03863837844,0.118793
"20 32 16 4096 4 2 0 0 0",86.711637497,0.974501851448,4.13990549477,0.117048
"20 32 16 4096 4 4 0 0 0",89.747206142,0.96237557116,4.346082735,0.116407
"20 32 16 4096 64 2 0 0 0",122.100700633,0.842157958586,6.86898439627,0.129772
"20 32 16 4096 64 32 0 0 0",167.634230308,0.697935262243,11.6111704945,0.138196
"20 32 16 4096 64 4 0 0 0",125.136269278,0.831670902251,7.13878077907,0.134028
"20 32 16 4096 64 8 0 0 0",131.207406568,0.811098107051,7.6967335076,0.13801
"20 32 16 4096 8 1 0 0 0",87.5531240503,0.971125700182,4.19656811845,0.118813
"20 32 16 4096 8 2 0 0 0",89.0709083728,0.965064391788,4.29972293864,0.117048
"20 32 16 4096 8 4 0 0 0",92.1064770178,0.953055444607,4.50972676686,0.116115
"20 32 16 4096 8 8 0 0 0",98.1776143077,0.929484197068,4.94483922341,0.115793
"20 64 16 4096 1 1 0 0 0",107.724400018,0.987805694378,5.13044259901,0.120222
"20 64 16 4096 16 1 0 0 0",116.571665802,0.952408482122,5.7833894737,0.118749
"20 64 16 4096 16 16 0 0 0",139.338430639,0.867035441493,7.67473243907,0.115504
"20 64 16 4096 16 2 0 0 0",118.089450124,0.946463182995,5.89983092482,0.116972
"20 64 16 4096 16 4 0 0 0",121.125018769,0.934685300855,6.13669055968,0.116085
"20 64 16 4096 16 8 0 0 0",127.196156059,0.91156819291,6.62669670199,0.115635
"20 64 16 4096 2 1 0 0 0",108.314217737,0.985405358286,5.17263254135,0.11873
"20 64 16 4096 2 2 0 0 0",109.832002059,0.979255186463,5.28206968105,0.117626
"20 64 16 4096 32 2 0 0 0",127.526533627,0.910331013571,6.65396567249,0.116893
"20 64 16 4096 32 32 0 0 0",173.060063302,0.754443168371,11.1139723291,0.11567
"20 64 16 4096 32 4 0 0 0",130.562102272,0.89900121591,6.90794549322,0.116062
"20 64 16 4096 32 8 0 0 0",136.633239562,0.87676590991,7.43312934655,0.115654
"20 64 16 4096 4 1 0 0 0",109.493853175,0.980622222913,5.25757848144,0.11872
"20 64 16 4096 4 2 0 0 0",111.011637497,0.974501851448,5.36799430257,0.116973
"20 64 16 4096 4 4 0 0 0",114.047206142,0.96237557116,5.5926447235,0.116329
"20 64 16 4096 64 2 0 0 0",146.400700633,0.842157958586,8.32802706092,0.117186
"20 64 16 4096 64 32 0 0 0",191.934230308,0.697935262243,13.4250234339,0.117522
"20 64 16 4096 64 4 0 0 0",149.436269278,0.831670902251,8.61934394039,0.116657
"20 64 16 4096 64 8 0 0 0",155.507406568,0.811098107051,9.22118336174,0.116756
"20 64 16 4096 8 1 0 0 0",111.85312405,0.971125700182,5.42975350536,0.11874
"20 64 16 4096 8 2 0 0 0",113.370908373,0.965064391788,5.54214838975,0.116974
"20 64 16 4096 8 4 0 0 0",116.406477018,0.953055444607,5.77081015714,0.116038
"20 64 16 4096 8 8 0 0 0",122.477614308,0.929484197068,6.2439661525,0.115718
"20 8 16 4096 1 1 0 0 0",65.1994000178,0.987805694378,3.03213982672,0.12081
"20 8 16 4096 16 1 0 0 0",74.0466658018,0.952408482122,3.5910099174,0.127094
"20 8 16 4096 16 16 0 0 0",96.8134306391,0.867035441493,5.22358400251,0.138734
"20 8 16 4096 16 2 0 0 0",75.5644501243,0.946463182995,3.69095988429,0.129031
"20 8 16 4096 16 4 0 0 0",78.6000187692,0.934685300855,3.89452525291,0.136155
"20 8 16 4096 16 8 0 0 0",84.6711560592,0.91156819291,4.31665757785,0.138167
"20 8 16 4096 2 1 0 0 0",65.7892177367,0.985405358286,3.06816342221,0.119327
"20 8 16 4096 2 2 0 0 0",67.3070020592,0.979255186463,3.16166391971,0.118224
"20 8 16 4096 32 2 0 0 0",85.0015336272,0.910331013571,4.34019370889,0.169418
"20 8 16 4096 32 32 0 0 0",130.535063302,0.754443168371,8.22976190745,0.167124
"20 8 16 4096 32 4 0 0 0",88.0371022722,0.89900121591,4.55952427153,0.168696
"20 8 16 4096 32 8 0 0 0",94.1082395621,0.87676590991,5.01405907162,0.16761
"20 8 16 4096 4 1 0 0 0",66.9688531746,0.980622222913,3.14073218193,0.119314
"20 8 16 4096 4 2 0 0 0",68.486637497,0.974501851448,3.23513413566,0.117564
"20 8 16 4096 4 4 0 0 0",71.522206142,0.96237557116,3.42745572904,0.116925
"20 8 16 4096 64 2 0 0 0",103.875700633,0.842157958586,5.79141051836,0.194369
"20 8 16 4096 64 32 0 0 0",149.409230308,0.697935262243,10.2689696464,0.194061
"20 8 16 4096 64 4 0 0 0",106.911269278,0.831670902251,6.0451372247,0.199481
"20 8 16 4096 64 8 0 0 0",112.982406568,0.811098107051,6.57032949334,0.199819
"20 8 16 4096 8 1 0 0 0",69.3281240503,0.971125700182,3.28797325132,0.119395
"20 8 16 4096 8 2 0 0 0",70.8459083728,0.965064391788,3.38419777172,0.117626
"20 8 16 4096 8 4 0 0 0",73.8814770178,0.953055444607,3.58021378833,0.117137
"20 8 16 4096 8 8 0 0 0",79.9526143077,0.929484197068,3.98682762612,0.117803
"3 32 16 4096 32 32 0 0 0",59.7140094953,0.958614468432,2.8515018163,0.126565
"4 16 16 4096 1 1 0 0 0",49.4548800036,0.997549155,2.25349916998,0.138848
"4 16 16 4096 16 1 0 0 0",51.2243331604,0.990295147327,2.35418949714,0.132381
"4 16 16 4096 16 16 0 0 0",55.7776861278,0.971868195605,2.620306128,0.124623
"4 16 16 4096 16 2 0 0 0",51.5278900249,0.989055688134,2.37161592146,0.124993
"4 16 16 4096 16 4 0 0 0",52.1350037538,0.986581761474,2.40660207088,0.121145
"4 16 16 4096 16 8 0 0 0",53.3492312118,0.981652625813,2.47711261878,0.121363
"4 16 16 4096 2 1 0 0 0",49.5728435473,0.997063880612,2.2601650883,0.132863
"4 16 16 4096 2 2 0 0 0",49.8764004118,0.995816174668,2.27734931206,0.128392
"4 16 16 4096 32 2 0 0 0",53.4153067254,0.981386021469,2.48096799774,0.132072
"4 16 16 4096 32 32 0 0 0",62.5220126604,0.945203467221,3.03349266602,0.141637
"4 16 16 4096 32 4 0 0 0",54.0224204544,0.978930941869,2.5165146286,0.137066
"4 16 16 4096 32 8 0 0 0",55.2366479124,0.974039863331,2.58815086026,0.139451
"4 16 16 4096 4 1 0 0 0",49.8087706349,0.996094050651,2.27351691509,0.132741
"4 16 16 4096 4 2 0 0 0",50.1123274994,0.994847547627,2.29073554561,0.125145
"4 16 16 4096 4 4 0 0 0",50.7194412284,0.992359240573,2.32530576056,0.123037
"4 16 16 4096 64 2 0 0 0",57.1901401266,0.966225981708,2.70492649289,0.170694
"4 16 16 4096 64 32 0 0 0",66.2968460615,0.930599957162,3.27496768384,0.167346
"4 16 16 4096 64 4 0 0 0",57.7972538556,0.963807499798,2.74161498129,0.1701
"4 16 16 4096 64 8 0 0 0",59.0114813136,0.958991322773,2.81554154865,0.169299
"4 16 16 4096 8 1 0 0 0",50.2806248101,0.994157262626,2.30030065546,0.132659
"4 16 16 4096 8 2 0 0 0",50.5841816746,0.99291314054,2.31758829127,0.124979
"4 16 16 4096 8 4 0 0 0",51.1912954036,0.990429650496,2.35229673494,0.1212
"4 16 16 4096 8 8 0 0 0",52.4055228615,0.985481332529,2.42224920984,0.120458
"4 32 16 4096 1 1 0 0 0",51.8848800036,0.997549155,2.36830856602,0.13866
"4 32 16 4096 16 1 0 0 0",53.6543331604,0.990295147327,2.47005879674,0.132211
"4 32 16 4096 16 16 0 0 0",58.2076861278,0.971868195605,2.73893290288,0.118992
"4 32 16 4096 16 2 0 0 0",53.9578900249,0.989055688134,2.48766772711,0.124731
"4 32 16 4096 16 4 0 0 0",54.5650037538,0.986581761474,2.52301941714,0.120886
"4 32 16 4096 16 8 0 0 0",55.7792312118,0.981652625813,2.59426332275,0.119516
"4 32 16 4096 2 1 0 0 0",52.0028435473,0.997063880612,2.37504495186,0.132675
"4 32 16 4096 2 2 0 0 0",52.3064004118,0.995816174668,2.39241064141,0.128203
"4 32 16 4096 32 16 0 0 0",60.0951028284,0.964331228817,2.85340218934,0.121108
"4 32 16 4096 32 2 0 0 0",55.8453067254,0.981386021469,2.59815858809,0.123582
"4 32 16 4096 32 32 0 0 0",64.9520126604,0.945203467221,3.15628714301,0.123119
"4 32 16 4096 32 4 0 0 0",56.4524204544,0.978930941869,2.63407319418,0.120178
"4 32 16 4096 32 8 0 0 0",57.6666479124,0.974039863331,2.70644765199,0.119779
"4 32 16 4096 4 1 0 0 0",52.2387706349,0.996094050651,2.38853779567,0.132555
"4 32 16 4096 4 2 0 0 0",52.5423274994,0.994847547627,2.40593803652,0.124961
"4 32 16 4096 4 4 0 0 0",53.1494412284,0.992359240573,2.44087202599,0.12285
"4 32 16 4096 64 2 0 0 0",59.6201401266,0.966225981708,2.82441719597,0.131651
"4 32 16 4096 64 32 0 0 0",68.7268460615,0.930599957162,3.40014081982,0.139237
"4 32 16 4096 64 4 0 0 0",60.2272538556,0.963807499798,2.86147879392,0.136419
"4 32 16 4096 64 8 0 0 0",61.4414813136,0.958991322773,2.9361537197,0.139019
"4 32 16 4096 8 1 0 0 0",52.7106248101,0.994157262626,2.41560389946,0.13246
"4 32 16 4096 8 2 0 0 0",53.0141816746,0.99291314054,2.43307343873,0.124793
"4 32 16 4096 8 4 0 0 0",53.6212954036,0.990429650496,2.46814623983,0.120949
"4 32 16 4096 8 8 0 0 0",54.8355228615,0.985481332529,2.53882969002,0.120124
"4 64 16 4096 1 1 0 0 0",56.7448800036,0.997549155,2.59881501207,0.138577
"4 64 16 4096 16 1 0 0 0",58.5143331604,0.990295147327,2.70267978488,0.132126
"4 64 16 4096 16 16 0 0 0",63.0676861278,0.971868195605,2.9770572979,0.118754
"4 64 16 4096 16 2 0 0 0",58.8178900249,0.989055688134,2.72065287094,0.124653
"4 64 16 4096 16 4 0 0 0",59.4250037538,0.986581761474,2.75673396828,0.120816
"4 64 16 4096 16 8 0 0 0",60.6392312118,0.981652625813,2.8294413937,0.119373
"4 64 16 4096 2 1 0 0 0",56.8628435473,0.997063880612,2.60569196713,0.132593
"4 64 16 4096 2 2 0 0 0",57.1664004118,0.995816174668,2.62341965687,0.128125
"4 64 16 4096 32 2 0 0 0",60.7053067254,0.981386021469,2.83341626275,0.123447
"4 64 16 4096 32 32 0 0 0",69.8120126604,0.945203467221,3.40273427871,0.11844
"4 64 16 4096 32 4 0 0 0",61.3124204544,0.978930941869,2.87006530061,0.119896
"4 64 16 4096 32 8 0 0 0",62.5266479124,0.974039863331,2.94391331325,0.118582
"4 64 16 4096 4 1 0 0 0",57.0987706349,0.996094050651,2.61946611984,0.132475
"4 64 16 4096 4 2 0 0 0",57.4023274994,0.994847547627,2.63722866098,0.12488
"4 64 16 4096 4 4 0 0 0",58.0094412284,0.992359240573,2.67288840063,0.122767
"4 64 16 4096 64 2 0 0 0",64.4801401266,0.966225981708,3.06426638818,0.122338
"4 64 16 4096 64 32 0 0 0",73.5868460615,0.930599957162,3.65134009056,0.119904
"4 64 16 4096 64 4 0 0 0",65.0872538556,0.963807499798,3.1020729631,0.118738
"4 64 16 4096 64 8 0 0 0",66.3014813136,0.958991322773,3.17824223967,0.118215
"4 64 16 4096 8 1 0 0 0",57.5706248101,0.994157262626,2.64709552578,0.132377
"4 64 16 4096 8 2 0 0 0",57.8741816746,0.99291314054,2.66492797338,0.12471
"4 64 16 4096 8 4 0 0 0",58.4812954036,0.990429650496,2.70072773299,0.120868
"4 64 16 4096 8 8 0 0 0",59.6955228615,0.985481332529,2.7728697798,0.120047
"4 8 16 4096 1 1 0 0 0",48.2398800036,0.997549155,2.19620790822,0.139166
"4 8 16 4096 16 1 0 0 0",50.0093331604,0.990295147327,2.29636751748,0.135118
"4 8 16 4096 16 16 0 0 0",54.5626861278,0.971868195605,2.56110372658,0.145355
"4 8 16 4096 16 2 0 0 0",50.3128900249,0.989055688134,2.31370256406,0.134871
"4 8 16 4096 16 4 0 0 0",50.9200037538,0.986581761474,2.34850569938,0.139425
"4 8 16 4096 16 8 0 0 0",52.1342312118,0.981652625813,2.4186491026,0.141444
"4 8 16 4096 2 1 0 0 0",48.3578435473,0.997063880612,2.20283853958,0.13319
"4 8 16 4096 2 2 0 0 0",48.6614004118,0.995816174668,2.21993189495,0.128713
"4 8 16 4096 32 2 0 0 0",52.2003067254,0.981386021469,2.42248451373,0.170313
"4 8 16 4096 32 32 0 0 0",61.3070126604,0.945203467221,2.97220454828,0.17101
"4 8 16 4096 32 4 0 0 0",52.8074204544,0.978930941869,2.45784693537,0.169055
"4 8 16 4096 32 8 0 0 0",54.0216479124,0.974039863331,2.52911363068,0.168501
"4 8 16 4096 4 1 0 0 0",48.5937706349,0.996094050651,2.21611975237,0.133064
"4 8 16 4096 4 2 0 0 0",48.8973274994,0.994847547627,2.23324744383,0.125468
"4 8 16 4096 4 4 0 0 0",49.5044412284,0.992359240573,2.26763550975,0.123356
"4 8 16 4096 64 2 0 0 0",55.9751401266,0.966225981708,2.64529167928,0.194724
"4 8 16 4096 64 32 0 0 0",65.0818460615,0.930599957162,3.21248945998,0.196384
"4 8 16 4096 64 4 0 0 0",56.5822538556,0.963807499798,2.68179343059,0.199748
"4 8 16 4096 64 8 0 0 0",57.7964813136,0.958991322773,2.75534547083,0.200603
"4 8 16 4096 8 1 0 0 0",49.0656248101,0.994157262626,2.24276210376,0.13317
"4 8 16 4096 8 2 0 0 0",49.3691816746,0.99291314054,2.25995865707,0.125456
"4 8 16 4096 8 4 0 0 0",49.9762954036,0.990429650496,2.29448466638,0.122544
"4 8 16 4096 8 8 0 0 0",51.1905228615,0.985481332529,2.36407116513,0.123624
"5 32 16 4096 32 4 0 0 0",59.565525568,0.973733406271,2.79997306335,0.120154
"6 16 16 4096 1 1 0 0 0",52.1823200053,0.996325985911,2.38530697789,0.138848
"6 16 16 4096 16 1 0 0 0",54.8364997405,0.985478097389,2.53888495055,0.132436
"6 16 16 4096 16 16 0 0 0",61.6665291917,0.95810047417,2.95007906273,0.124676
"6 16 16 4096 16 2 0 0 0",55.2918350373,0.983628531205,2.56557806098,0.125079
"6 16 16 4096 16 4 0 0 0",56.2025056308,0.979940312395,2.61926848277,0.121224
"6 16 16 4096 16 8 0 0 0",58.0238468178,0.972605562215,2.72787837361,0.121121
"6 16 16 4096 2 1 0 0 0",52.359265321,0.995599055301,2.39543941802,0.132905
"6 16 16 4096 2 2 0 0 0",52.8146006178,0.993730830735,2.4215829106,0.128431
"6 16 16 4096 32 2 0 0 0",58.1229600882,0.972209368203,2.73383213544,0.131823
"6 16 16 4096 32 32 0 0 0",71.7830189905,0.918941699087,3.60311275858,0.141111
"6 16 16 4096 32 4 0 0 0",59.0336306817,0.968563466466,2.78880324579,0.136888
"6 16 16 4096 32 8 0 0 0",60.8549718686,0.961313622497,2.89999321565,0.138966
"6 16 16 4096 4 1 0 0 0",52.7131559524,0.994146800872,2.4157495791,0.132759
"6 16 16 4096 4 2 0 0 0",53.1684912491,0.992281285418,2.44197101727,0.125171
"6 16 16 4096 4 4 0 0 0",54.0791618426,0.988560781771,2.49471551979,0.123059
"6 16 16 4096 64 2 0 0 0",63.7852101899,0.949769168044,3.08240013253,0.170943
"6 16 16 4096 64 32 0 0 0",77.4452690923,0.897727527327,3.9925988725,0.16721
"6 16 16 4096 64 4 0 0 0",64.6958807834,0.946205465085,3.14000180723,0.170067
"6 16 16 4096 64 8 0 0 0",66.5172219704,0.939122003988,3.25648617111,0.169216
"6 16 16 4096 8 1 0 0 0",53.4209372151,0.991248708025,2.45655145941,0.132684
"6 16 16 4096 8 2 0 0 0",53.8762725118,0.989388566956,2.48292935544,0.125009
"6 16 16 4096 8 4 0 0 0",54.7869431053,0.985678877573,2.53598779469,0.121172
"6 16 16 4096 8 8 0 0 0",56.6082842923,0.978301238007,2.64332397476,0.120353
"6 32 16 4096 1 1 0 0 0",55.8273200053,0.996325985911,2.55834355324,0.138661
"6 32 16 4096 16 1 0 0 0",58.4814997405,0.985478097389,2.7143074423,0.132216
"6 32 16 4096 16 16 0 0 0",65.3115291917,0.95810047417,3.13174727827,0.11885
"6 32 16 4096 16 2 0 0 0",58.9368350373,0.983628531205,2.74141219862,0.124743
"6 32 16 4096 16 4 0 0 0",59.8475056308,0.979940312395,2.79592783072,0.120896
"6 32 16 4096 16 8 0 0 0",61.6688468178,0.972605562215,2.90619623564,0.119445
"6 32 16 4096 2 1 0 0 0",56.004265321,0.995599055301,2.56863437392,0.132719
"6 32 16 4096 2 2 0 0 0",56.4596006178,0.993730830735,2.59518588377,0.128242
"6 32 16 4096 32 2 0 0 0",61.7679600882,0.972209368203,2.91224031383,0.1236
"6 32 16 4096 32 32 0 0 0",75.4280189905,0.918941699087,3.79433132767,0.12282
"6 32 16 4096 32 4 0 0 0",62.6786306817,0.968563466466,2.96804522486,0.120072
"6 32 16 4096 32 8 0 0 0",64.4999718686,0.961313622497,3.08091101479,0.119194
"6 32 16 4096 4 1 0 0 0",56.3581559524,0.994146800872,2.58926158501,0.132575
"6 32 16 4096 4 2 0 0 0",56.8134912491,0.992281285418,2.61589154605,0.124986
"6 32 16 4096 4 4 0 0 0",57.7241618426,0.988560781771,2.66945504407,0.122874
"6 32 16 4096 64 2 0 0 0",67.4302101899,0.949769168044,3.26603693949,0.131998
"6 32 16 4096 64 32 0 0 0",81.0902690923,0.897727527327,4.18932975884,0.138943
"6 32 16 4096 64 4 0 0 0",68.3408807834,0.946205465085,3.32449058636,0.136151
"6 32 16 4096 64 8 0 0 0",70.1622219704,0.939122003988,3.44268702766,0.13905
"6 32 16 4096 8 1 0 0 0",57.0659372151,0.991248708025,2.63069872743,0.132498
"6 32 16 4096 8 2 0 0 0",57.5212725118,0.989388566956,2.65748617034,0.124823
"6 32 16 4096 8 4 0 0 0",58.4319431053,0.985678877573,2.71136565447,0.120986
"6 32 16 4096 8 8 0 0 0",60.2532842923,0.978301238007,2.82035191363,0.120169
"6 64 16 4096 1 1 0 0 0",63.1173200053,0.996325985911,2.90635450684,0.138576
"6 64 16 4096 16 1 0 0 0",65.7714997405,0.985478097389,3.06707651721,0.132134
"6 64 16 4096 16 16 0 0 0",72.6015291917,0.95810047417,3.49698044899,0.118756
"6 64 16 4096 16 2 0 0 0",66.2268350373,0.983628531205,3.09500240186,0.12466
"6 64 16 4096 16 4 0 0 0",67.1375056308,0.979940312395,3.15116428302,0.120817
"6 64 16 4096 16 8 0 0 0",68.9588468178,0.972605562215,3.26474197232,0.119363
"6 64 16 4096 2 1 0 0 0",63.294265321,0.995599055301,2.91696111404,0.132635
"6 64 16 4096 2 2 0 0 0",63.7496006178,0.993730830735,2.94432619152,0.128161
"6 64 16 4096 32 2 0 0 0",69.0579600882,0.972209368203,3.27096628127,0.123496
"6 64 16 4096 32 32 0 0 0",82.7180189905,0.918941699087,4.1786412984,0.118168
"6 64 16 4096 32 4 0 0 0",69.9686306817,0.968563466466,3.32843522936,0.119945
"6 64 16 4096 32 8 0 0 0",71.7899718686,0.961313622497,3.44464606772,0.118626
"6 64 16 4096 4 1 0 0 0",63.6481559524,0.994146800872,2.93822050267,0.132494
"6 64 16 4096 4 2 0 0 0",64.1034912491,0.992281285418,2.96566508776,0.124903
"6 64 16 4096 4 4 0 0 0",65.0141618426,0.988560781771,3.02086190371,0.122796
"6 64 16 4096 64 2 0 0 0",74.7202101899,0.949769168044,3.6352008009,0.122399
"6 64 16 4096 64 32 0 0 0",88.3802690923,0.897727527327,4.58465775079,0.118612
"6 64 16 4096 64 4 0 0 0",75.6308807834,0.946205465085,3.69535587032,0.118581
"6 64 16 4096 64 8 0 0 0",77.4522219704,0.939122003988,3.81697185723,0.117441
"6 64 16 4096 8 1 0 0 0",64.3559372151,0.991248708025,2.98092442929,0.132419
"6 64 16 4096 8 2 0 0 0",64.8112725118,0.989388566956,3.0085286328,0.124745
"6 64 16 4096 8 4 0 0 0",65.7219431053,0.985678877573,3.06404570554,0.120909
"6 64 16 4096 8 8 0 0 0",67.5432842923,0.978301238007,3.17632375483,0.120091
"6 8 16 4096 1 1 0 0 0",50.3598200053,0.996325985911,2.29903844109,0.139163
"6 8 16 4096 16 1 0 0 0",53.0139997405,0.985478097389,2.45142129433,0.135425
"6 8 16 4096 16 16 0 0 0",59.8440291917,0.95810047417,2.85948817748,0.143978
"6 8 16 4096 16 2 0 0 0",53.4693350373,0.983628531205,2.47790823965,0.134984
"6 8 16 4096 16 4 0 0 0",54.3800056308,0.979940312395,2.5311853954,0.138827
"6 8 16 4096 16 8 0 0 0",56.2013468178,0.972605562215,2.63896479758,0.140411
"6 8 16 4096 2 1 0 0 0",50.536765321,0.995599055301,2.30909153766,0.133233
"6 8 16 4096 2 2 0 0 0",50.9921006178,0.993730830735,2.3350306334,0.128756
"6 8 16 4096 32 16 0 0 0",62.6751542426,0.946976816067,3.03552763532,1.69E-01
"6 8 16 4096 32 2 0 0 0",56.3004600882,0.972209368203,2.64487333717,0.170769
"6 8 16 4096 32 32 0 0 0",69.9605189905,0.918941699087,3.50774268209,0.172093
"6 8 16 4096 32 4 0 0 0",57.2111306817,0.968563466466,2.69942697741,0.16934
"6 8 16 4096 32 8 0 0 0",59.0324718686,0.961313622497,2.80977797773,0.168857
"6 8 16 4096 4 1 0 0 0",50.8906559524,0.994146800872,2.32924287124,0.133083
"6 8 16 4096 4 2 0 0 0",51.3459912491,0.992281285418,2.35525966666,0.125492
"6 8 16 4096 4 4 0 0 0",52.2566618426,0.988560781771,2.40759393469,0.123381
"6 8 16 4096 64 2 0 0 0",61.9627101899,0.949769168044,2.9908238935,0.194656
"6 8 16 4096 64 32 0 0 0",75.6227690923,0.897727527327,3.8944713711,0.196237
"6 8 16 4096 64 4 0 0 0",62.8733807834,0.946205465085,3.04799916673,0.199877
"6 8 16 4096 64 8 0 0 0",64.6947219704,0.939122003988,3.16362672495,0.200797
"6 8 16 4096 8 1 0 0 0",51.5984372151,0.991248708025,2.36972653149,0.133166
"6 8 16 4096 8 2 0 0 0",52.0537725118,0.989388566956,2.3958992862,0.125496
"6 8 16 4096 8 4 0 0 0",52.9644431053,0.985678877573,2.44854649235,0.122606
"6 8 16 4096 8 8 0 0 0",54.7857842923,0.978301238007,2.55505630736,0.12355
"7 32 16 4096 16 1 0 0 0",60.8950830306,0.98307836632,2.83773254586,0.132233
"7 32 16 4096 4 4 0 0 0",60.0115221497,0.986667008122,2.78477655016,0.12286
"7 32 16 4096 8 1 0 0 0",59.2435934176,0.98979762331,2.73906108099,0.132531
"7 32 16 4096 8 4 0 0 0",60.8372669562,0.98331204343,2.83425769304,0.121024
"8 16 16 4096 1 1 0 0 0",54.9097600071,0.995104316641,2.51781012085,0.126585
"8 16 16 4096 16 1 0 0 0",58.4486663207,0.98068447882,2.7259842504,0.123446
"8 16 16 4096 16 16 0 0 0",67.5553722556,0.944527789629,3.29051296726,0.119926
"8 16 16 4096 16 2 0 0 0",59.0557800497,0.97823115423,2.76231847223,0.119795
"8 16 16 4096 16 4 0 0 0",60.2700075077,0.973343572074,2.83553504488,0.118194
"8 16 16 4096 16 8 0 0 0",62.6984624237,0.963641877766,2.98418583684,0.118063
"8 16 16 4096 2 1 0 0 0",55.1456870947,0.994136382021,2.53149825841,0.12365
"8 16 16 4096 2 2 0 0 0",55.7528008237,0.991649853731,2.56684655119,0.121426
"8 16 16 4096 32 2 0 0 0",62.8306134509,0.963118523135,2.99235497008,0.128917
"8 16 16 4096 32 32 0 0 0",81.0440253207,0.893409594447,4.20706525703,0.138222
"8 16 16 4096 32 4 0 0 0",64.0448409089,0.958305788948,3.06788472228,0.134025
"8 16 16 4096 32 8 0 0 0",66.4732958249,0.948753655357,3.2212093785,0.138207
"8 16 16 4096 4 1 0 0 0",55.6175412698,0.992203357743,2.55895557038,0.123575
"8 16 16 4096 4 2 0 0 0",56.2246549988,0.989721643019,2.59444341533,0.119794
"8 16 16 4096 4 4 0 0 0",57.4388824568,0.984776862351,2.66595982224,0.118752
"8 16 16 4096 64 2 0 0 0",70.3802802533,0.933592647728,3.47430242523,0.169877
"8 16 16 4096 64 32 0 0 0",88.5936921231,0.866016280269,4.76457160311,0.165341
"8 16 16 4096 64 4 0 0 0",71.5945077112,0.928924896667,3.55462393944,0.169335
"8 16 16 4096 64 8 0 0 0",74.0229626272,0.919664357154,3.71762278629,0.168479
"8 16 16 4096 8 1 0 0 0",56.5612496201,0.988348662832,2.61419538958,0.12354
"8 16 16 4096 8 2 0 0 0",57.1683633491,0.985876504656,2.64996362305,0.119713
"8 16 16 4096 8 4 0 0 0",58.3825908071,0.980950892582,2.72204350116,0.118025
"8 16 16 4096 8 8 0 0 0",60.8110457231,0.971173456762,2.86839683661,0.117408
"8 32 16 4096 1 1 0 0 0",59.7697600071,0.995104316641,2.74960449189,0.126398
"8 32 16 4096 16 1 0 0 0",63.3086663207,0.98068447882,2.96202432794,0.123245
"8 32 16 4096 16 16 0 0 0",72.4153722556,0.944527789629,3.53773953083,0.116647
"8 32 16 4096 16 2 0 0 0",63.9157800497,0.97823115423,2.99909258723,0.119525
"8 32 16 4096 16 4 0 0 0",65.1300075077,0.973343572074,3.07378201712,0.117796
"8 32 16 4096 16 8 0 0 0",67.5584624237,0.963641877766,3.22539851195,0.116887
"8 32 16 4096 2 1 0 0 0",60.0056870947,0.994136382021,2.76357400522,0.123465
"8 32 16 4096 2 2 0 0 0",60.6128008237,0.991649853731,2.79964747285,0.121236
"8 32 16 4096 32 2 0 0 0",67.6906134509,0.963118523135,3.23372935672,0.119032
"8 32 16 4096 32 32 0 0 0",85.9040253207,0.893409594447,4.47160621884,0.119615
"8 32 16 4096 32 4 0 0 0",68.9048409089,0.958305788948,3.31075311204,0.11761
"8 32 16 4096 32 8 0 0 0",71.3332958249,0.948753655357,3.46708625923,0.117311
"8 32 16 4096 4 1 0 0 0",60.4775412698,0.992203357743,2.79159477711,0.123387
"8 32 16 4096 4 2 0 0 0",61.0846549988,0.989721643019,2.82780903255,0.119608
"8 32 16 4096 4 4 0 0 0",62.2988824568,0.984776862351,2.90078304222,0.118559
"8 32 16 4096 64 2 0 0 0",75.2402802533,0.933592647728,3.72507705673,0.129924
"8 32 16 4096 64 32 0 0 0",93.4536921231,0.866016280269,5.03922302506,0.137874
"8 32 16 4096 64 4 0 0 0",76.4545077112,0.928924896667,3.80693747393,0.133923
"8 32 16 4096 64 8 0 0 0",78.8829626272,0.919664357154,3.97303494454,0.137922
"8 32 16 4096 8 1 0 0 0",61.4212496201,0.988348662832,2.84796436828,0.123351
"8 32 16 4096 8 2 0 0 0",62.0283633491,0.985876504656,2.88446151414,0.119527
"8 32 16 4096 8 4 0 0 0",63.2425908071,0.980950892582,2.95800402057,0.117835
"8 32 16 4096 8 8 0 0 0",65.6710457231,0.971173456762,3.10730227009,0.117224
"8 64 16 4096 1 1 0 0 0",69.4897600071,0.995104316641,3.21654463205,0.126322
"8 64 16 4096 16 1 0 0 0",73.0286663207,0.98068447882,3.43743111411,0.123162
"8 64 16 4096 16 16 0 0 0",82.1353722556,0.944527789629,4.03547564555,0.116543
"8 64 16 4096 16 2 0 0 0",73.6357800497,0.97823115423,3.47596368498,0.119443
"8 64 16 4096 16 4 0 0 0",74.8500075077,0.973343572074,3.55359169798,0.117712
"8 64 16 4096 16 8 0 0 0",77.2784624237,0.963641877766,3.71112684784,0.116803
"8 64 16 4096 2 1 0 0 0",69.7256870947,0.994136382021,3.2310750888,0.123386
"8 64 16 4096 2 2 0 0 0",70.3328008237,0.991649853731,3.26859436023,0.121159
"8 64 16 4096 32 2 0 0 0",77.4106134509,0.963118523135,3.71978047103,0.118847
"8 64 16 4096 32 32 0 0 0",95.6240253207,0.893409594447,5.00394688052,0.116515
"8 64 16 4096 32 4 0 0 0",78.6248409089,0.958305788948,3.79978662565,0.117359
"8 64 16 4096 32 8 0 0 0",81.0532958249,0.948753655357,3.96212686847,0.116487
"8 64 16 4096 4 1 0 0 0",70.1975412698,0.992203357743,3.260219234,0.123311
"8 64 16 4096 4 2 0 0 0",70.8046549988,0.989721643019,3.29788188222,0.11953
"8 64 16 4096 4 4 0 0 0",72.0188824568,0.984776862351,3.37376268229,0.118479
"8 64 16 4096 64 2 0 0 0",84.9602802533,0.933592647728,4.22990067963,0.118426
"8 64 16 4096 64 32 0 0 0",103.173692123,0.866016280269,5.59178694929,0.117967
"8 64 16 4096 64 4 0 0 0",86.1745077112,0.928924896667,4.31483584221,0.117092
"8 64 16 4096 64 8 0 0 0",88.6029626272,0.919664357154,4.48712547998,0.117144
"8 64 16 4096 8 1 0 0 0",71.1412496201,0.988348662832,3.31884154911,0.123275
"8 64 16 4096 8 2 0 0 0",71.7483633491,0.985876504656,3.35679232085,0.119449
"8 64 16 4096 8 4 0 0 0",72.9625908071,0.980950892582,3.4332521115,0.117755
"8 64 16 4096 8 8 0 0 0",75.3910457231,0.971173456762,3.58842586241,0.117137
"8 8 16 4096 1 1 0 0 0",52.4797600071,0.995104316641,2.40234801782,0.12691
"8 8 16 4096 16 1 0 0 0",56.0186663207,0.98068447882,2.60839502489,0.130056
"8 8 16 4096 16 16 0 0 0",65.1253722556,0.944527789629,3.16732266284,0.139227
"8 8 16 4096 16 2 0 0 0",56.6257800497,0.97823115423,2.64436157244,0.131776
"8 8 16 4096 16 4 0 0 0",57.8400075077,0.973343572074,2.71684046761,0.137306
"8 8 16 4096 16 8 0 0 0",60.2684624237,0.963641877766,2.8640061469,0.138874
"8 8 16 4096 2 1 0 0 0",52.7156870947,0.994136382021,2.41589515787,0.123982
"8 8 16 4096 2 2 0 0 0",53.3228008237,0.991649853731,2.45088008357,0.121753
"8 8 16 4096 32 2 0 0 0",60.4006134509,0.963118523135,2.87209430915,0.169212
"8 8 16 4096 32 32 0 0 0",78.6140253207,0.893409594447,4.07521230411,0.166464
"8 8 16 4096 32 4 0 0 0",61.6148409089,0.958305788948,2.94687604855,0.168633
"8 8 16 4096 32 8 0 0 0",64.0432958249,0.948753655357,3.09869464175,0.167452
"8 8 16 4096 4 1 0 0 0",53.1875412698,0.992203357743,2.44307013179,0.123905
"8 8 16 4096 4 2 0 0 0",53.7946549988,0.989721643019,2.47819401062,0.120125
"8 8 16 4096 4 4 0 0 0",55.0088824568,0.984776862351,2.54898016457,0.119082
"8 8 16 4096 64 2 0 0 0",67.9502802533,0.933592647728,3.34933641258,0.194277
"8 8 16 4096 64 32 0 0 0",86.1636921231,0.866016280269,4.62766272553,0.19404
"8 8 16 4096 64 4 0 0 0",69.1645077112,0.928924896667,3.42888785334,0.199402
"8 8 16 4096 64 8 0 0 0",71.5929626272,0.919664357154,3.5903363016,0.199328
"8 8 16 4096 8 1 0 0 0",54.1312496201,0.988348662832,2.49774389237,0.124046
"8 8 16 4096 8 2 0 0 0",54.7383633491,0.985876504656,2.53314694523,0.120198
"8 8 16 4096 8 4 0 0 0",55.9525908071,0.980950892582,2.60449412779,0.11934
"8 8 16 4096 8 8 0 0 0",58.3810457231,0.971173456762,2.74937249834,0.120245
